,Origin,Destination,Total_flights
0,LIRF,LIRF,0.0
1,LIRF,EDDT,-0.0
2,LIRF,RJAA,1.0
3,LIRF,EDDM,-0.0
4,LIRF,LFPG,-0.0
5,LIRF,SAEZ,0.0
6,LIRF,CYYZ,1.0
7,LIRF,MMMX,1.0
8,LIRF,CYVR,0.0
9,LIRF,EDDF,-0.0
10,LIRF,KJFK,1.0
11,LIRF,SBGL,1.0
12,LIRF,LEMD,-0.0
13,LIRF,ZSPD,1.0
14,LIRF,OMDB,0.0
15,LIRF,LTFM,-0.0
16,LIRF,ZBAA,1.0
17,LIRF,VIDP,0.0
18,LIRF,EFRO,0.0
19,LIRF,EHEH,-0.0
20,LIRF,EFHK,0.0
21,LIRF,LDZA,-0.0
22,LIRF,EBBR,-0.0
23,LIRF,EIDW,0.0
24,LIRF,LGAV,-0.0
25,LIRF,BIKF,0.0
26,LIRF,EETN,0.0
27,LIRF,LKPR,-0.0
28,LIRF,FACT,0.0
29,LIRF,ESSA,0.0
30,LIRF,EGPH,0.0
31,LIRF,LFQQ,-0.0
32,LIRF,LPPT,0.0
33,EDDT,LIRF,-0.0
34,EDDT,EDDT,0.0
35,EDDT,RJAA,1.0
36,EDDT,EDDM,-0.0
37,EDDT,LFPG,-0.0
38,EDDT,SAEZ,0.0
39,EDDT,CYYZ,0.0
40,EDDT,MMMX,-0.0
41,EDDT,CYVR,0.0
42,EDDT,EDDF,-0.0
43,EDDT,KJFK,1.0
44,EDDT,SBGL,0.0
45,EDDT,LEMD,0.0
46,EDDT,ZSPD,1.0
47,EDDT,OMDB,0.0
48,EDDT,LTFM,0.0
49,EDDT,ZBAA,1.0
50,EDDT,VIDP,-0.0
51,EDDT,EFRO,0.0
52,EDDT,EHEH,-0.0
53,EDDT,EFHK,0.0
54,EDDT,LDZA,-0.0
55,EDDT,EBBR,-0.0
56,EDDT,EIDW,-0.0
57,EDDT,LGAV,0.0
58,EDDT,BIKF,0.0
59,EDDT,EETN,0.0
60,EDDT,LKPR,-0.0
61,EDDT,FACT,0.0
62,EDDT,ESSA,-0.0
63,EDDT,EGPH,0.0
64,EDDT,LFQQ,-0.0
65,EDDT,LPPT,0.0
66,RJAA,LIRF,1.0
67,RJAA,EDDT,1.0
68,RJAA,RJAA,0.0
69,RJAA,EDDM,1.0
70,RJAA,LFPG,1.0
71,RJAA,SAEZ,0.0
72,RJAA,CYYZ,1.0
73,RJAA,MMMX,1.0
74,RJAA,CYVR,1.0
75,RJAA,EDDF,1.0
76,RJAA,KJFK,1.0
77,RJAA,SBGL,0.0
78,RJAA,LEMD,1.0
79,RJAA,ZSPD,1.0
80,RJAA,OMDB,1.0
81,RJAA,LTFM,1.0
82,RJAA,ZBAA,-0.0
83,RJAA,VIDP,-0.0
84,RJAA,EFRO,0.0
85,RJAA,EHEH,0.0
86,RJAA,EFHK,1.0
87,RJAA,LDZA,0.0
88,RJAA,EBBR,1.0
89,RJAA,EIDW,1.0
90,RJAA,LGAV,1.0
91,RJAA,BIKF,0.0
92,RJAA,EETN,0.0
93,RJAA,LKPR,-0.0
94,RJAA,FACT,0.0
95,RJAA,ESSA,1.0
96,RJAA,EGPH,0.0
97,RJAA,LFQQ,0.0
98,RJAA,LPPT,1.0
99,EDDM,LIRF,-0.0
100,EDDM,EDDT,-0.0
101,EDDM,RJAA,1.0
102,EDDM,EDDM,0.0
103,EDDM,LFPG,-0.0
104,EDDM,SAEZ,0.0
105,EDDM,CYYZ,0.0
106,EDDM,MMMX,0.0
107,EDDM,CYVR,0.0
108,EDDM,EDDF,-0.0
109,EDDM,KJFK,1.0
110,EDDM,SBGL,0.0
111,EDDM,LEMD,-0.0
112,EDDM,ZSPD,-0.0
113,EDDM,OMDB,0.0
114,EDDM,LTFM,-0.0
115,EDDM,ZBAA,-0.0
116,EDDM,VIDP,0.0
117,EDDM,EFRO,0.0
118,EDDM,EHEH,-0.0
119,EDDM,EFHK,0.0
120,EDDM,LDZA,-0.0
121,EDDM,EBBR,-0.0
122,EDDM,EIDW,0.0
123,EDDM,LGAV,0.0
124,EDDM,BIKF,0.0
125,EDDM,EETN,0.0
126,EDDM,LKPR,-0.0
127,EDDM,FACT,0.0
128,EDDM,ESSA,0.0
129,EDDM,EGPH,0.0
130,EDDM,LFQQ,-0.0
131,EDDM,LPPT,0.0
132,LFPG,LIRF,-0.0
133,LFPG,EDDT,-0.0
134,LFPG,RJAA,1.0
135,LFPG,EDDM,-0.0
136,LFPG,LFPG,0.0
137,LFPG,SAEZ,1.0
138,LFPG,CYYZ,0.0
139,LFPG,MMMX,1.0
140,LFPG,CYVR,0.0
141,LFPG,EDDF,-0.0
142,LFPG,KJFK,1.0
143,LFPG,SBGL,1.0
144,LFPG,LEMD,1.0
145,LFPG,ZSPD,1.0
146,LFPG,OMDB,0.0
147,LFPG,LTFM,-0.0
148,LFPG,ZBAA,1.0
149,LFPG,VIDP,1.0
150,LFPG,EFRO,0.0
151,LFPG,EHEH,-0.0
152,LFPG,EFHK,0.0
153,LFPG,LDZA,-0.0
154,LFPG,EBBR,-0.0
155,LFPG,EIDW,-0.0
156,LFPG,LGAV,0.0
157,LFPG,BIKF,0.0
158,LFPG,EETN,0.0
159,LFPG,LKPR,-0.0
160,LFPG,FACT,0.0
161,LFPG,ESSA,-0.0
162,LFPG,EGPH,-0.0
163,LFPG,LFQQ,-0.0
164,LFPG,LPPT,-0.0
165,SAEZ,LIRF,0.0
166,SAEZ,EDDT,0.0
167,SAEZ,RJAA,0.0
168,SAEZ,EDDM,0.0
169,SAEZ,LFPG,1.0
170,SAEZ,SAEZ,0.0
171,SAEZ,CYYZ,0.0
172,SAEZ,MMMX,1.0
173,SAEZ,CYVR,0.0
174,SAEZ,EDDF,0.0
175,SAEZ,KJFK,1.0
176,SAEZ,SBGL,-0.0
177,SAEZ,LEMD,-0.0
178,SAEZ,ZSPD,0.0
179,SAEZ,OMDB,0.0
180,SAEZ,LTFM,0.0
181,SAEZ,ZBAA,0.0
182,SAEZ,VIDP,0.0
183,SAEZ,EFRO,0.0
184,SAEZ,EHEH,0.0
185,SAEZ,EFHK,0.0
186,SAEZ,LDZA,0.0
187,SAEZ,EBBR,0.0
188,SAEZ,EIDW,0.0
189,SAEZ,LGAV,0.0
190,SAEZ,BIKF,0.0
191,SAEZ,EETN,0.0
192,SAEZ,LKPR,0.0
193,SAEZ,FACT,0.0
194,SAEZ,ESSA,0.0
195,SAEZ,EGPH,0.0
196,SAEZ,LFQQ,0.0
197,SAEZ,LPPT,0.0
198,CYYZ,LIRF,1.0
199,CYYZ,EDDT,0.0
200,CYYZ,RJAA,1.0
201,CYYZ,EDDM,0.0
202,CYYZ,LFPG,-0.0
203,CYYZ,SAEZ,0.0
204,CYYZ,CYYZ,0.0
205,CYYZ,MMMX,-0.0
206,CYYZ,CYVR,0.0
207,CYYZ,EDDF,0.0
208,CYYZ,KJFK,1.0
209,CYYZ,SBGL,1.0
210,CYYZ,LEMD,0.0
211,CYYZ,ZSPD,1.0
212,CYYZ,OMDB,0.0
213,CYYZ,LTFM,1.0
214,CYYZ,ZBAA,1.0
215,CYYZ,VIDP,1.0
216,CYYZ,EFRO,0.0
217,CYYZ,EHEH,0.0
218,CYYZ,EFHK,0.0
219,CYYZ,LDZA,0.0
220,CYYZ,EBBR,0.0
221,CYYZ,EIDW,0.0
222,CYYZ,LGAV,0.0
223,CYYZ,BIKF,0.0
224,CYYZ,EETN,0.0
225,CYYZ,LKPR,0.0
226,CYYZ,FACT,0.0
227,CYYZ,ESSA,0.0
228,CYYZ,EGPH,0.0
229,CYYZ,LFQQ,0.0
230,CYYZ,LPPT,0.0
231,MMMX,LIRF,1.0
232,MMMX,EDDT,0.0
233,MMMX,RJAA,1.0
234,MMMX,EDDM,0.0
235,MMMX,LFPG,1.0
236,MMMX,SAEZ,1.0
237,MMMX,CYYZ,0.0
238,MMMX,MMMX,0.0
239,MMMX,CYVR,0.0
240,MMMX,EDDF,0.0
241,MMMX,KJFK,1.0
242,MMMX,SBGL,1.0
243,MMMX,LEMD,1.0
244,MMMX,ZSPD,0.0
245,MMMX,OMDB,0.0
246,MMMX,LTFM,1.0
247,MMMX,ZBAA,0.0
248,MMMX,VIDP,0.0
249,MMMX,EFRO,0.0
250,MMMX,EHEH,0.0
251,MMMX,EFHK,0.0
252,MMMX,LDZA,0.0
253,MMMX,EBBR,0.0
254,MMMX,EIDW,0.0
255,MMMX,LGAV,0.0
256,MMMX,BIKF,0.0
257,MMMX,EETN,0.0
258,MMMX,LKPR,0.0
259,MMMX,FACT,0.0
260,MMMX,ESSA,0.0
261,MMMX,EGPH,0.0
262,MMMX,LFQQ,0.0
263,MMMX,LPPT,0.0
264,CYVR,LIRF,0.0
265,CYVR,EDDT,0.0
266,CYVR,RJAA,1.0
267,CYVR,EDDM,0.0
268,CYVR,LFPG,0.0
269,CYVR,SAEZ,0.0
270,CYVR,CYYZ,0.0
271,CYVR,MMMX,0.0
272,CYVR,CYVR,0.0
273,CYVR,EDDF,0.0
274,CYVR,KJFK,0.0
275,CYVR,SBGL,0.0
276,CYVR,LEMD,0.0
277,CYVR,ZSPD,0.0
278,CYVR,OMDB,0.0
279,CYVR,LTFM,0.0
280,CYVR,ZBAA,0.0
281,CYVR,VIDP,0.0
282,CYVR,EFRO,0.0
283,CYVR,EHEH,0.0
284,CYVR,EFHK,0.0
285,CYVR,LDZA,0.0
286,CYVR,EBBR,0.0
287,CYVR,EIDW,0.0
288,CYVR,LGAV,0.0
289,CYVR,BIKF,0.0
290,CYVR,EETN,0.0
291,CYVR,LKPR,0.0
292,CYVR,FACT,0.0
293,CYVR,ESSA,0.0
294,CYVR,EGPH,0.0
295,CYVR,LFQQ,0.0
296,CYVR,LPPT,0.0
297,EDDF,LIRF,-0.0
298,EDDF,EDDT,-0.0
299,EDDF,RJAA,1.0
300,EDDF,EDDM,-0.0
301,EDDF,LFPG,-0.0
302,EDDF,SAEZ,0.0
303,EDDF,CYYZ,0.0
304,EDDF,MMMX,0.0
305,EDDF,CYVR,0.0
306,EDDF,EDDF,0.0
307,EDDF,KJFK,0.0
308,EDDF,SBGL,0.0
309,EDDF,LEMD,-0.0
310,EDDF,ZSPD,-0.0
311,EDDF,OMDB,0.0
312,EDDF,LTFM,0.0
313,EDDF,ZBAA,-0.0
314,EDDF,VIDP,0.0
315,EDDF,EFRO,0.0
316,EDDF,EHEH,-0.0
317,EDDF,EFHK,0.0
318,EDDF,LDZA,-0.0
319,EDDF,EBBR,-0.0
320,EDDF,EIDW,0.0
321,EDDF,LGAV,0.0
322,EDDF,BIKF,0.0
323,EDDF,EETN,0.0
324,EDDF,LKPR,-0.0
325,EDDF,FACT,0.0
326,EDDF,ESSA,0.0
327,EDDF,EGPH,0.0
328,EDDF,LFQQ,-0.0
329,EDDF,LPPT,0.0
330,KJFK,LIRF,1.0
331,KJFK,EDDT,1.0
332,KJFK,RJAA,1.0
333,KJFK,EDDM,1.0
334,KJFK,LFPG,1.0
335,KJFK,SAEZ,1.0
336,KJFK,CYYZ,1.0
337,KJFK,MMMX,1.0
338,KJFK,CYVR,0.0
339,KJFK,EDDF,0.0
340,KJFK,KJFK,0.0
341,KJFK,SBGL,1.0
342,KJFK,LEMD,0.0
343,KJFK,ZSPD,1.0
344,KJFK,OMDB,0.0
345,KJFK,LTFM,1.0
346,KJFK,ZBAA,1.0
347,KJFK,VIDP,1.0
348,KJFK,EFRO,0.0
349,KJFK,EHEH,0.0
350,KJFK,EFHK,0.0
351,KJFK,LDZA,0.0
352,KJFK,EBBR,0.0
353,KJFK,EIDW,0.0
354,KJFK,LGAV,1.0
355,KJFK,BIKF,0.0
356,KJFK,EETN,0.0
357,KJFK,LKPR,0.0
358,KJFK,FACT,0.0
359,KJFK,ESSA,1.0
360,KJFK,EGPH,0.0
361,KJFK,LFQQ,0.0
362,KJFK,LPPT,0.0
363,SBGL,LIRF,1.0
364,SBGL,EDDT,0.0
365,SBGL,RJAA,0.0
366,SBGL,EDDM,0.0
367,SBGL,LFPG,1.0
368,SBGL,SAEZ,-0.0
369,SBGL,CYYZ,1.0
370,SBGL,MMMX,1.0
371,SBGL,CYVR,0.0
372,SBGL,EDDF,0.0
373,SBGL,KJFK,1.0
374,SBGL,SBGL,0.0
375,SBGL,LEMD,-0.0
376,SBGL,ZSPD,0.0
377,SBGL,OMDB,0.0
378,SBGL,LTFM,1.0
379,SBGL,ZBAA,0.0
380,SBGL,VIDP,0.0
381,SBGL,EFRO,0.0
382,SBGL,EHEH,0.0
383,SBGL,EFHK,0.0
384,SBGL,LDZA,0.0
385,SBGL,EBBR,0.0
386,SBGL,EIDW,0.0
387,SBGL,LGAV,0.0
388,SBGL,BIKF,0.0
389,SBGL,EETN,0.0
390,SBGL,LKPR,0.0
391,SBGL,FACT,0.0
392,SBGL,ESSA,0.0
393,SBGL,EGPH,0.0
394,SBGL,LFQQ,0.0
395,SBGL,LPPT,0.0
396,LEMD,LIRF,-0.0
397,LEMD,EDDT,0.0
398,LEMD,RJAA,1.0
399,LEMD,EDDM,-0.0
400,LEMD,LFPG,1.0
401,LEMD,SAEZ,0.0
402,LEMD,CYYZ,0.0
403,LEMD,MMMX,1.0
404,LEMD,CYVR,0.0
405,LEMD,EDDF,-0.0
406,LEMD,KJFK,0.0
407,LEMD,SBGL,0.0
408,LEMD,LEMD,0.0
409,LEMD,ZSPD,1.0
410,LEMD,OMDB,0.0
411,LEMD,LTFM,0.0
412,LEMD,ZBAA,1.0
413,LEMD,VIDP,1.0
414,LEMD,EFRO,0.0
415,LEMD,EHEH,0.0
416,LEMD,EFHK,0.0
417,LEMD,LDZA,0.0
418,LEMD,EBBR,-0.0
419,LEMD,EIDW,-0.0
420,LEMD,LGAV,0.0
421,LEMD,BIKF,0.0
422,LEMD,EETN,0.0
423,LEMD,LKPR,0.0
424,LEMD,FACT,0.0
425,LEMD,ESSA,0.0
426,LEMD,EGPH,0.0
427,LEMD,LFQQ,0.0
428,LEMD,LPPT,-0.0
429,ZSPD,LIRF,1.0
430,ZSPD,EDDT,1.0
431,ZSPD,RJAA,1.0
432,ZSPD,EDDM,0.0
433,ZSPD,LFPG,1.0
434,ZSPD,SAEZ,0.0
435,ZSPD,CYYZ,1.0
436,ZSPD,MMMX,0.0
437,ZSPD,CYVR,0.0
438,ZSPD,EDDF,0.0
439,ZSPD,KJFK,1.0
440,ZSPD,SBGL,0.0
441,ZSPD,LEMD,1.0
442,ZSPD,ZSPD,0.0
443,ZSPD,OMDB,1.0
444,ZSPD,LTFM,1.0
445,ZSPD,ZBAA,1.0
446,ZSPD,VIDP,1.0
447,ZSPD,EFRO,0.0
448,ZSPD,EHEH,0.0
449,ZSPD,EFHK,0.0
450,ZSPD,LDZA,0.0
451,ZSPD,EBBR,0.0
452,ZSPD,EIDW,0.0
453,ZSPD,LGAV,-0.0
454,ZSPD,BIKF,0.0
455,ZSPD,EETN,0.0
456,ZSPD,LKPR,0.0
457,ZSPD,FACT,0.0
458,ZSPD,ESSA,0.0
459,ZSPD,EGPH,0.0
460,ZSPD,LFQQ,0.0
461,ZSPD,LPPT,0.0
462,OMDB,LIRF,0.0
463,OMDB,EDDT,0.0
464,OMDB,RJAA,1.0
465,OMDB,EDDM,0.0
466,OMDB,LFPG,0.0
467,OMDB,SAEZ,0.0
468,OMDB,CYYZ,0.0
469,OMDB,MMMX,0.0
470,OMDB,CYVR,0.0
471,OMDB,EDDF,0.0
472,OMDB,KJFK,0.0
473,OMDB,SBGL,0.0
474,OMDB,LEMD,0.0
475,OMDB,ZSPD,1.0
476,OMDB,OMDB,0.0
477,OMDB,LTFM,0.0
478,OMDB,ZBAA,0.0
479,OMDB,VIDP,-0.0
480,OMDB,EFRO,0.0
481,OMDB,EHEH,0.0
482,OMDB,EFHK,0.0
483,OMDB,LDZA,0.0
484,OMDB,EBBR,0.0
485,OMDB,EIDW,0.0
486,OMDB,LGAV,0.0
487,OMDB,BIKF,0.0
488,OMDB,EETN,0.0
489,OMDB,LKPR,0.0
490,OMDB,FACT,0.0
491,OMDB,ESSA,0.0
492,OMDB,EGPH,0.0
493,OMDB,LFQQ,0.0
494,OMDB,LPPT,0.0
495,LTFM,LIRF,-0.0
496,LTFM,EDDT,-0.0
497,LTFM,RJAA,1.0
498,LTFM,EDDM,-0.0
499,LTFM,LFPG,-0.0
500,LTFM,SAEZ,0.0
501,LTFM,CYYZ,1.0
502,LTFM,MMMX,1.0
503,LTFM,CYVR,0.0
504,LTFM,EDDF,0.0
505,LTFM,KJFK,1.0
506,LTFM,SBGL,1.0
507,LTFM,LEMD,-0.0
508,LTFM,ZSPD,1.0
509,LTFM,OMDB,0.0
510,LTFM,LTFM,0.0
511,LTFM,ZBAA,1.0
512,LTFM,VIDP,-0.0
513,LTFM,EFRO,0.0
514,LTFM,EHEH,0.0
515,LTFM,EFHK,0.0
516,LTFM,LDZA,0.0
517,LTFM,EBBR,0.0
518,LTFM,EIDW,0.0
519,LTFM,LGAV,-0.0
520,LTFM,BIKF,0.0
521,LTFM,EETN,0.0
522,LTFM,LKPR,-0.0
523,LTFM,FACT,0.0
524,LTFM,ESSA,0.0
525,LTFM,EGPH,0.0
526,LTFM,LFQQ,0.0
527,LTFM,LPPT,0.0
528,ZBAA,LIRF,1.0
529,ZBAA,EDDT,1.0
530,ZBAA,RJAA,-0.0
531,ZBAA,EDDM,0.0
532,ZBAA,LFPG,1.0
533,ZBAA,SAEZ,0.0
534,ZBAA,CYYZ,1.0
535,ZBAA,MMMX,0.0
536,ZBAA,CYVR,0.0
537,ZBAA,EDDF,0.0
538,ZBAA,KJFK,1.0
539,ZBAA,SBGL,0.0
540,ZBAA,LEMD,1.0
541,ZBAA,ZSPD,1.0
542,ZBAA,OMDB,0.0
543,ZBAA,LTFM,1.0
544,ZBAA,ZBAA,0.0
545,ZBAA,VIDP,1.0
546,ZBAA,EFRO,0.0
547,ZBAA,EHEH,0.0
548,ZBAA,EFHK,0.0
549,ZBAA,LDZA,0.0
550,ZBAA,EBBR,-0.0
551,ZBAA,EIDW,0.0
552,ZBAA,LGAV,-0.0
553,ZBAA,BIKF,0.0
554,ZBAA,EETN,0.0
555,ZBAA,LKPR,0.0
556,ZBAA,FACT,0.0
557,ZBAA,ESSA,-0.0
558,ZBAA,EGPH,0.0
559,ZBAA,LFQQ,0.0
560,ZBAA,LPPT,0.0
561,VIDP,LIRF,0.0
562,VIDP,EDDT,0.0
563,VIDP,RJAA,-0.0
564,VIDP,EDDM,0.0
565,VIDP,LFPG,1.0
566,VIDP,SAEZ,0.0
567,VIDP,CYYZ,1.0
568,VIDP,MMMX,0.0
569,VIDP,CYVR,0.0
570,VIDP,EDDF,0.0
571,VIDP,KJFK,1.0
572,VIDP,SBGL,0.0
573,VIDP,LEMD,1.0
574,VIDP,ZSPD,1.0
575,VIDP,OMDB,-0.0
576,VIDP,LTFM,-0.0
577,VIDP,ZBAA,1.0
578,VIDP,VIDP,0.0
579,VIDP,EFRO,0.0
580,VIDP,EHEH,0.0
581,VIDP,EFHK,0.0
582,VIDP,LDZA,0.0
583,VIDP,EBBR,0.0
584,VIDP,EIDW,1.0
585,VIDP,LGAV,0.0
586,VIDP,BIKF,0.0
587,VIDP,EETN,0.0
588,VIDP,LKPR,0.0
589,VIDP,FACT,0.0
590,VIDP,ESSA,0.0
591,VIDP,EGPH,0.0
592,VIDP,LFQQ,0.0
593,VIDP,LPPT,0.0
594,EFRO,LIRF,0.0
595,EFRO,EDDT,0.0
596,EFRO,RJAA,0.0
597,EFRO,EDDM,0.0
598,EFRO,LFPG,0.0
599,EFRO,SAEZ,0.0
600,EFRO,CYYZ,0.0
601,EFRO,MMMX,0.0
602,EFRO,CYVR,0.0
603,EFRO,EDDF,0.0
604,EFRO,KJFK,0.0
605,EFRO,SBGL,0.0
606,EFRO,LEMD,0.0
607,EFRO,ZSPD,0.0
608,EFRO,OMDB,0.0
609,EFRO,LTFM,0.0
610,EFRO,ZBAA,0.0
611,EFRO,VIDP,0.0
612,EFRO,EFRO,0.0
613,EFRO,EHEH,0.0
614,EFRO,EFHK,0.0
615,EFRO,LDZA,0.0
616,EFRO,EBBR,0.0
617,EFRO,EIDW,0.0
618,EFRO,LGAV,0.0
619,EFRO,BIKF,0.0
620,EFRO,EETN,0.0
621,EFRO,LKPR,0.0
622,EFRO,FACT,0.0
623,EFRO,ESSA,0.0
624,EFRO,EGPH,0.0
625,EFRO,LFQQ,0.0
626,EFRO,LPPT,0.0
627,EHEH,LIRF,-0.0
628,EHEH,EDDT,-0.0
629,EHEH,RJAA,0.0
630,EHEH,EDDM,-0.0
631,EHEH,LFPG,-0.0
632,EHEH,SAEZ,0.0
633,EHEH,CYYZ,0.0
634,EHEH,MMMX,0.0
635,EHEH,CYVR,0.0
636,EHEH,EDDF,-0.0
637,EHEH,KJFK,0.0
638,EHEH,SBGL,0.0
639,EHEH,LEMD,0.0
640,EHEH,ZSPD,0.0
641,EHEH,OMDB,0.0
642,EHEH,LTFM,0.0
643,EHEH,ZBAA,0.0
644,EHEH,VIDP,0.0
645,EHEH,EFRO,0.0
646,EHEH,EHEH,0.0
647,EHEH,EFHK,0.0
648,EHEH,LDZA,0.0
649,EHEH,EBBR,-0.0
650,EHEH,EIDW,-0.0
651,EHEH,LGAV,0.0
652,EHEH,BIKF,0.0
653,EHEH,EETN,0.0
654,EHEH,LKPR,-0.0
655,EHEH,FACT,0.0
656,EHEH,ESSA,0.0
657,EHEH,EGPH,0.0
658,EHEH,LFQQ,-0.0
659,EHEH,LPPT,0.0
660,EFHK,LIRF,0.0
661,EFHK,EDDT,0.0
662,EFHK,RJAA,1.0
663,EFHK,EDDM,0.0
664,EFHK,LFPG,0.0
665,EFHK,SAEZ,0.0
666,EFHK,CYYZ,0.0
667,EFHK,MMMX,0.0
668,EFHK,CYVR,0.0
669,EFHK,EDDF,0.0
670,EFHK,KJFK,0.0
671,EFHK,SBGL,0.0
672,EFHK,LEMD,0.0
673,EFHK,ZSPD,0.0
674,EFHK,OMDB,0.0
675,EFHK,LTFM,0.0
676,EFHK,ZBAA,0.0
677,EFHK,VIDP,0.0
678,EFHK,EFRO,0.0
679,EFHK,EHEH,0.0
680,EFHK,EFHK,0.0
681,EFHK,LDZA,0.0
682,EFHK,EBBR,0.0
683,EFHK,EIDW,0.0
684,EFHK,LGAV,0.0
685,EFHK,BIKF,0.0
686,EFHK,EETN,-0.0
687,EFHK,LKPR,0.0
688,EFHK,FACT,0.0
689,EFHK,ESSA,-0.0
690,EFHK,EGPH,0.0
691,EFHK,LFQQ,0.0
692,EFHK,LPPT,0.0
693,LDZA,LIRF,-0.0
694,LDZA,EDDT,-0.0
695,LDZA,RJAA,0.0
696,LDZA,EDDM,-0.0
697,LDZA,LFPG,0.0
698,LDZA,SAEZ,0.0
699,LDZA,CYYZ,0.0
700,LDZA,MMMX,0.0
701,LDZA,CYVR,0.0
702,LDZA,EDDF,-0.0
703,LDZA,KJFK,0.0
704,LDZA,SBGL,0.0
705,LDZA,LEMD,0.0
706,LDZA,ZSPD,0.0
707,LDZA,OMDB,0.0
708,LDZA,LTFM,0.0
709,LDZA,ZBAA,0.0
710,LDZA,VIDP,0.0
711,LDZA,EFRO,0.0
712,LDZA,EHEH,0.0
713,LDZA,EFHK,0.0
714,LDZA,LDZA,0.0
715,LDZA,EBBR,0.0
716,LDZA,EIDW,0.0
717,LDZA,LGAV,0.0
718,LDZA,BIKF,0.0
719,LDZA,EETN,0.0
720,LDZA,LKPR,-0.0
721,LDZA,FACT,0.0
722,LDZA,ESSA,0.0
723,LDZA,EGPH,0.0
724,LDZA,LFQQ,0.0
725,LDZA,LPPT,0.0
726,EBBR,LIRF,-0.0
727,EBBR,EDDT,-0.0
728,EBBR,RJAA,1.0
729,EBBR,EDDM,-0.0
730,EBBR,LFPG,-0.0
731,EBBR,SAEZ,0.0
732,EBBR,CYYZ,0.0
733,EBBR,MMMX,0.0
734,EBBR,CYVR,0.0
735,EBBR,EDDF,-0.0
736,EBBR,KJFK,0.0
737,EBBR,SBGL,0.0
738,EBBR,LEMD,-0.0
739,EBBR,ZSPD,0.0
740,EBBR,OMDB,0.0
741,EBBR,LTFM,0.0
742,EBBR,ZBAA,0.0
743,EBBR,VIDP,0.0
744,EBBR,EFRO,0.0
745,EBBR,EHEH,-0.0
746,EBBR,EFHK,0.0
747,EBBR,LDZA,0.0
748,EBBR,EBBR,0.0
749,EBBR,EIDW,-0.0
750,EBBR,LGAV,0.0
751,EBBR,BIKF,0.0
752,EBBR,EETN,0.0
753,EBBR,LKPR,-0.0
754,EBBR,FACT,0.0
755,EBBR,ESSA,0.0
756,EBBR,EGPH,-0.0
757,EBBR,LFQQ,-0.0
758,EBBR,LPPT,0.0
759,EIDW,LIRF,0.0
760,EIDW,EDDT,0.0
761,EIDW,RJAA,1.0
762,EIDW,EDDM,0.0
763,EIDW,LFPG,-0.0
764,EIDW,SAEZ,0.0
765,EIDW,CYYZ,0.0
766,EIDW,MMMX,0.0
767,EIDW,CYVR,0.0
768,EIDW,EDDF,0.0
769,EIDW,KJFK,0.0
770,EIDW,SBGL,0.0
771,EIDW,LEMD,0.0
772,EIDW,ZSPD,0.0
773,EIDW,OMDB,0.0
774,EIDW,LTFM,0.0
775,EIDW,ZBAA,0.0
776,EIDW,VIDP,1.0
777,EIDW,EFRO,0.0
778,EIDW,EHEH,-0.0
779,EIDW,EFHK,0.0
780,EIDW,LDZA,0.0
781,EIDW,EBBR,-0.0
782,EIDW,EIDW,0.0
783,EIDW,LGAV,0.0
784,EIDW,BIKF,0.0
785,EIDW,EETN,0.0
786,EIDW,LKPR,0.0
787,EIDW,FACT,0.0
788,EIDW,ESSA,0.0
789,EIDW,EGPH,-0.0
790,EIDW,LFQQ,-0.0
791,EIDW,LPPT,0.0
792,LGAV,LIRF,-0.0
793,LGAV,EDDT,0.0
794,LGAV,RJAA,1.0
795,LGAV,EDDM,0.0
796,LGAV,LFPG,0.0
797,LGAV,SAEZ,0.0
798,LGAV,CYYZ,0.0
799,LGAV,MMMX,0.0
800,LGAV,CYVR,0.0
801,LGAV,EDDF,0.0
802,LGAV,KJFK,1.0
803,LGAV,SBGL,0.0
804,LGAV,LEMD,0.0
805,LGAV,ZSPD,0.0
806,LGAV,OMDB,0.0
807,LGAV,LTFM,-0.0
808,LGAV,ZBAA,0.0
809,LGAV,VIDP,0.0
810,LGAV,EFRO,0.0
811,LGAV,EHEH,0.0
812,LGAV,EFHK,0.0
813,LGAV,LDZA,0.0
814,LGAV,EBBR,0.0
815,LGAV,EIDW,0.0
816,LGAV,LGAV,0.0
817,LGAV,BIKF,0.0
818,LGAV,EETN,0.0
819,LGAV,LKPR,0.0
820,LGAV,FACT,0.0
821,LGAV,ESSA,0.0
822,LGAV,EGPH,0.0
823,LGAV,LFQQ,0.0
824,LGAV,LPPT,0.0
825,BIKF,LIRF,0.0
826,BIKF,EDDT,0.0
827,BIKF,RJAA,0.0
828,BIKF,EDDM,0.0
829,BIKF,LFPG,0.0
830,BIKF,SAEZ,0.0
831,BIKF,CYYZ,0.0
832,BIKF,MMMX,0.0
833,BIKF,CYVR,0.0
834,BIKF,EDDF,0.0
835,BIKF,KJFK,0.0
836,BIKF,SBGL,0.0
837,BIKF,LEMD,0.0
838,BIKF,ZSPD,0.0
839,BIKF,OMDB,0.0
840,BIKF,LTFM,0.0
841,BIKF,ZBAA,0.0
842,BIKF,VIDP,0.0
843,BIKF,EFRO,0.0
844,BIKF,EHEH,0.0
845,BIKF,EFHK,0.0
846,BIKF,LDZA,0.0
847,BIKF,EBBR,0.0
848,BIKF,EIDW,0.0
849,BIKF,LGAV,0.0
850,BIKF,BIKF,0.0
851,BIKF,EETN,0.0
852,BIKF,LKPR,0.0
853,BIKF,FACT,0.0
854,BIKF,ESSA,0.0
855,BIKF,EGPH,0.0
856,BIKF,LFQQ,0.0
857,BIKF,LPPT,0.0
858,EETN,LIRF,0.0
859,EETN,EDDT,0.0
860,EETN,RJAA,0.0
861,EETN,EDDM,0.0
862,EETN,LFPG,0.0
863,EETN,SAEZ,0.0
864,EETN,CYYZ,0.0
865,EETN,MMMX,0.0
866,EETN,CYVR,0.0
867,EETN,EDDF,0.0
868,EETN,KJFK,0.0
869,EETN,SBGL,0.0
870,EETN,LEMD,0.0
871,EETN,ZSPD,0.0
872,EETN,OMDB,0.0
873,EETN,LTFM,0.0
874,EETN,ZBAA,0.0
875,EETN,VIDP,0.0
876,EETN,EFRO,0.0
877,EETN,EHEH,0.0
878,EETN,EFHK,-0.0
879,EETN,LDZA,0.0
880,EETN,EBBR,0.0
881,EETN,EIDW,0.0
882,EETN,LGAV,0.0
883,EETN,BIKF,0.0
884,EETN,EETN,0.0
885,EETN,LKPR,0.0
886,EETN,FACT,0.0
887,EETN,ESSA,-0.0
888,EETN,EGPH,0.0
889,EETN,LFQQ,0.0
890,EETN,LPPT,0.0
891,LKPR,LIRF,-0.0
892,LKPR,EDDT,-0.0
893,LKPR,RJAA,0.0
894,LKPR,EDDM,-0.0
895,LKPR,LFPG,-0.0
896,LKPR,SAEZ,0.0
897,LKPR,CYYZ,0.0
898,LKPR,MMMX,0.0
899,LKPR,CYVR,0.0
900,LKPR,EDDF,-0.0
901,LKPR,KJFK,0.0
902,LKPR,SBGL,0.0
903,LKPR,LEMD,0.0
904,LKPR,ZSPD,0.0
905,LKPR,OMDB,0.0
906,LKPR,LTFM,-0.0
907,LKPR,ZBAA,0.0
908,LKPR,VIDP,0.0
909,LKPR,EFRO,0.0
910,LKPR,EHEH,-0.0
911,LKPR,EFHK,0.0
912,LKPR,LDZA,-0.0
913,LKPR,EBBR,-0.0
914,LKPR,EIDW,0.0
915,LKPR,LGAV,0.0
916,LKPR,BIKF,0.0
917,LKPR,EETN,0.0
918,LKPR,LKPR,0.0
919,LKPR,FACT,0.0
920,LKPR,ESSA,0.0
921,LKPR,EGPH,0.0
922,LKPR,LFQQ,-0.0
923,LKPR,LPPT,0.0
924,FACT,LIRF,0.0
925,FACT,EDDT,0.0
926,FACT,RJAA,0.0
927,FACT,EDDM,0.0
928,FACT,LFPG,0.0
929,FACT,SAEZ,0.0
930,FACT,CYYZ,0.0
931,FACT,MMMX,0.0
932,FACT,CYVR,0.0
933,FACT,EDDF,0.0
934,FACT,KJFK,0.0
935,FACT,SBGL,0.0
936,FACT,LEMD,0.0
937,FACT,ZSPD,0.0
938,FACT,OMDB,0.0
939,FACT,LTFM,0.0
940,FACT,ZBAA,0.0
941,FACT,VIDP,0.0
942,FACT,EFRO,0.0
943,FACT,EHEH,0.0
944,FACT,EFHK,0.0
945,FACT,LDZA,0.0
946,FACT,EBBR,0.0
947,FACT,EIDW,0.0
948,FACT,LGAV,0.0
949,FACT,BIKF,0.0
950,FACT,EETN,0.0
951,FACT,LKPR,0.0
952,FACT,FACT,0.0
953,FACT,ESSA,0.0
954,FACT,EGPH,0.0
955,FACT,LFQQ,0.0
956,FACT,LPPT,0.0
957,ESSA,LIRF,0.0
958,ESSA,EDDT,-0.0
959,ESSA,RJAA,1.0
960,ESSA,EDDM,0.0
961,ESSA,LFPG,-0.0
962,ESSA,SAEZ,0.0
963,ESSA,CYYZ,0.0
964,ESSA,MMMX,0.0
965,ESSA,CYVR,0.0
966,ESSA,EDDF,0.0
967,ESSA,KJFK,1.0
968,ESSA,SBGL,0.0
969,ESSA,LEMD,0.0
970,ESSA,ZSPD,0.0
971,ESSA,OMDB,0.0
972,ESSA,LTFM,0.0
973,ESSA,ZBAA,0.0
974,ESSA,VIDP,0.0
975,ESSA,EFRO,0.0
976,ESSA,EHEH,0.0
977,ESSA,EFHK,-0.0
978,ESSA,LDZA,0.0
979,ESSA,EBBR,0.0
980,ESSA,EIDW,0.0
981,ESSA,LGAV,0.0
982,ESSA,BIKF,0.0
983,ESSA,EETN,-0.0
984,ESSA,LKPR,0.0
985,ESSA,FACT,0.0
986,ESSA,ESSA,0.0
987,ESSA,EGPH,0.0
988,ESSA,LFQQ,0.0
989,ESSA,LPPT,0.0
990,EGPH,LIRF,0.0
991,EGPH,EDDT,0.0
992,EGPH,RJAA,0.0
993,EGPH,EDDM,0.0
994,EGPH,LFPG,-0.0
995,EGPH,SAEZ,0.0
996,EGPH,CYYZ,0.0
997,EGPH,MMMX,0.0
998,EGPH,CYVR,0.0
999,EGPH,EDDF,0.0
1000,EGPH,KJFK,0.0
1001,EGPH,SBGL,0.0
1002,EGPH,LEMD,0.0
1003,EGPH,ZSPD,0.0
1004,EGPH,OMDB,0.0
1005,EGPH,LTFM,0.0
1006,EGPH,ZBAA,0.0
1007,EGPH,VIDP,0.0
1008,EGPH,EFRO,0.0
1009,EGPH,EHEH,0.0
1010,EGPH,EFHK,0.0
1011,EGPH,LDZA,0.0
1012,EGPH,EBBR,-0.0
1013,EGPH,EIDW,-0.0
1014,EGPH,LGAV,0.0
1015,EGPH,BIKF,0.0
1016,EGPH,EETN,0.0
1017,EGPH,LKPR,0.0
1018,EGPH,FACT,0.0
1019,EGPH,ESSA,0.0
1020,EGPH,EGPH,0.0
1021,EGPH,LFQQ,-0.0
1022,EGPH,LPPT,0.0
1023,LFQQ,LIRF,-0.0
1024,LFQQ,EDDT,-0.0
1025,LFQQ,RJAA,0.0
1026,LFQQ,EDDM,-0.0
1027,LFQQ,LFPG,-0.0
1028,LFQQ,SAEZ,0.0
1029,LFQQ,CYYZ,0.0
1030,LFQQ,MMMX,0.0
1031,LFQQ,CYVR,0.0
1032,LFQQ,EDDF,-0.0
1033,LFQQ,KJFK,0.0
1034,LFQQ,SBGL,0.0
1035,LFQQ,LEMD,-0.0
1036,LFQQ,ZSPD,0.0
1037,LFQQ,OMDB,0.0
1038,LFQQ,LTFM,0.0
1039,LFQQ,ZBAA,0.0
1040,LFQQ,VIDP,0.0
1041,LFQQ,EFRO,0.0
1042,LFQQ,EHEH,-0.0
1043,LFQQ,EFHK,0.0
1044,LFQQ,LDZA,0.0
1045,LFQQ,EBBR,-0.0
1046,LFQQ,EIDW,-0.0
1047,LFQQ,LGAV,0.0
1048,LFQQ,BIKF,0.0
1049,LFQQ,EETN,0.0
1050,LFQQ,LKPR,-0.0
1051,LFQQ,FACT,0.0
1052,LFQQ,ESSA,0.0
1053,LFQQ,EGPH,-0.0
1054,LFQQ,LFQQ,0.0
1055,LFQQ,LPPT,0.0
1056,LPPT,LIRF,0.0
1057,LPPT,EDDT,0.0
1058,LPPT,RJAA,1.0
1059,LPPT,EDDM,0.0
1060,LPPT,LFPG,-0.0
1061,LPPT,SAEZ,0.0
1062,LPPT,CYYZ,0.0
1063,LPPT,MMMX,0.0
1064,LPPT,CYVR,0.0
1065,LPPT,EDDF,0.0
1066,LPPT,KJFK,0.0
1067,LPPT,SBGL,0.0
1068,LPPT,LEMD,-0.0
1069,LPPT,ZSPD,0.0
1070,LPPT,OMDB,0.0
1071,LPPT,LTFM,0.0
1072,LPPT,ZBAA,0.0
1073,LPPT,VIDP,0.0
1074,LPPT,EFRO,0.0
1075,LPPT,EHEH,0.0
1076,LPPT,EFHK,0.0
1077,LPPT,LDZA,0.0
1078,LPPT,EBBR,0.0
1079,LPPT,EIDW,0.0
1080,LPPT,LGAV,0.0
1081,LPPT,BIKF,0.0
1082,LPPT,EETN,0.0
1083,LPPT,LKPR,0.0
1084,LPPT,FACT,0.0
1085,LPPT,ESSA,0.0
1086,LPPT,EGPH,0.0
1087,LPPT,LFQQ,0.0
1088,LPPT,LPPT,0.0
