,Origin,Destination,Total_pax
0,LIRF,LIRF,-0.0
1,LIRF,EDDT,112.0
2,LIRF,RJAA,155.0
3,LIRF,EDDM,91.0
4,LIRF,LFPG,176.0
5,LIRF,SAEZ,0.0
6,LIRF,CYYZ,0.0
7,LIRF,MMMX,102.0
8,LIRF,CYVR,0.0
9,LIRF,EDDF,56.0
10,LIRF,KJFK,139.0
11,LIRF,SBGL,70.0
12,LIRF,LEMD,102.0
13,LIRF,ZSPD,128.0
14,LIRF,OMDB,63.0
15,LIRF,LTFM,120.0
16,LIRF,ZBAA,102.0
17,LIRF,VIDP,120.0
18,LIRF,EFRO,0.0
19,LIRF,EHEH,24.0
20,LIRF,EFHK,56.0
21,LIRF,LDZA,46.0
22,LIRF,EBBR,56.0
23,LIRF,EIDW,56.0
24,LIRF,LGAV,76.0
25,LIRF,BIKF,-0.0
26,LIRF,EETN,25.0
27,LIRF,LKPR,56.0
28,LIRF,FACT,0.0
29,LIRF,ESSA,56.0
30,LIRF,EGPH,29.0
31,LIRF,LFQQ,53.0
32,LIRF,LPPT,54.0
33,EDDT,LIRF,94.0
34,EDDT,EDDT,-0.0
35,EDDT,RJAA,156.0
36,EDDT,EDDM,106.0
37,EDDT,LFPG,197.0
38,EDDT,SAEZ,0.0
39,EDDT,CYYZ,0.0
40,EDDT,MMMX,-0.0
41,EDDT,CYVR,0.0
42,EDDT,EDDF,103.0
43,EDDT,KJFK,140.0
44,EDDT,SBGL,-0.0
45,EDDT,LEMD,97.0
46,EDDT,ZSPD,125.0
47,EDDT,OMDB,61.0
48,EDDT,LTFM,119.0
49,EDDT,ZBAA,121.0
50,EDDT,VIDP,120.0
51,EDDT,EFRO,0.0
52,EDDT,EHEH,31.0
53,EDDT,EFHK,56.0
54,EDDT,LDZA,39.0
55,EDDT,EBBR,56.0
56,EDDT,EIDW,56.0
57,EDDT,LGAV,56.0
58,EDDT,BIKF,0.0
59,EDDT,EETN,30.0
60,EDDT,LKPR,88.0
61,EDDT,FACT,0.0
62,EDDT,ESSA,85.0
63,EDDT,EGPH,31.0
64,EDDT,LFQQ,56.0
65,EDDT,LPPT,56.0
66,RJAA,LIRF,147.0
67,RJAA,EDDT,158.0
68,RJAA,RJAA,-0.0
69,RJAA,EDDM,128.0
70,RJAA,LFPG,256.0
71,RJAA,SAEZ,0.0
72,RJAA,CYYZ,0.0
73,RJAA,MMMX,256.0
74,RJAA,CYVR,139.0
75,RJAA,EDDF,119.0
76,RJAA,KJFK,256.0
77,RJAA,SBGL,0.0
78,RJAA,LEMD,176.0
79,RJAA,ZSPD,525.0
80,RJAA,OMDB,118.0
81,RJAA,LTFM,213.0
82,RJAA,ZBAA,413.0
83,RJAA,VIDP,353.0
84,RJAA,EFRO,0.0
85,RJAA,EHEH,0.0
86,RJAA,EFHK,107.0
87,RJAA,LDZA,0.0
88,RJAA,EBBR,99.0
89,RJAA,EIDW,121.0
90,RJAA,LGAV,123.0
91,RJAA,BIKF,0.0
92,RJAA,EETN,0.0
93,RJAA,LKPR,106.0
94,RJAA,FACT,0.0
95,RJAA,ESSA,115.0
96,RJAA,EGPH,0.0
97,RJAA,LFQQ,-0.0
98,RJAA,LPPT,106.0
99,EDDM,LIRF,78.0
100,EDDM,EDDT,100.0
101,EDDM,RJAA,127.0
102,EDDM,EDDM,-0.0
103,EDDM,LFPG,153.0
104,EDDM,SAEZ,0.0
105,EDDM,CYYZ,0.0
106,EDDM,MMMX,-0.0
107,EDDM,CYVR,0.0
108,EDDM,EDDF,90.0
109,EDDM,KJFK,112.0
110,EDDM,SBGL,0.0
111,EDDM,LEMD,84.0
112,EDDM,ZSPD,-0.0
113,EDDM,OMDB,48.0
114,EDDM,LTFM,99.0
115,EDDM,ZBAA,90.0
116,EDDM,VIDP,102.0
117,EDDM,EFRO,0.0
118,EDDM,EHEH,19.0
119,EDDM,EFHK,41.0
120,EDDM,LDZA,39.0
121,EDDM,EBBR,56.0
122,EDDM,EIDW,56.0
123,EDDM,LGAV,56.0
124,EDDM,BIKF,0.0
125,EDDM,EETN,26.0
126,EDDM,LKPR,56.0
127,EDDM,FACT,0.0
128,EDDM,ESSA,56.0
129,EDDM,EGPH,28.0
130,EDDM,LFQQ,56.0
131,EDDM,LPPT,55.0
132,LFPG,LIRF,176.0
133,LFPG,EDDT,165.0
134,LFPG,RJAA,256.0
135,LFPG,EDDM,165.0
136,LFPG,LFPG,-0.0
137,LFPG,SAEZ,127.0
138,LFPG,CYYZ,0.0
139,LFPG,MMMX,189.0
140,LFPG,CYVR,-0.0
141,LFPG,EDDF,168.0
142,LFPG,KJFK,226.0
143,LFPG,SBGL,120.0
144,LFPG,LEMD,215.0
145,LFPG,ZSPD,208.0
146,LFPG,OMDB,101.0
147,LFPG,LTFM,222.0
148,LFPG,ZBAA,191.0
149,LFPG,VIDP,229.0
150,LFPG,EFRO,-0.0
151,LFPG,EHEH,56.0
152,LFPG,EFHK,86.0
153,LFPG,LDZA,56.0
154,LFPG,EBBR,205.0
155,LFPG,EIDW,120.0
156,LFPG,LGAV,120.0
157,LFPG,BIKF,30.0
158,LFPG,EETN,46.0
159,LFPG,LKPR,114.0
160,LFPG,FACT,-0.0
161,LFPG,ESSA,117.0
162,LFPG,EGPH,56.0
163,LFPG,LFQQ,136.0
164,LFPG,LPPT,109.0
165,SAEZ,LIRF,-0.0
166,SAEZ,EDDT,0.0
167,SAEZ,RJAA,0.0
168,SAEZ,EDDM,0.0
169,SAEZ,LFPG,123.0
170,SAEZ,SAEZ,-0.0
171,SAEZ,CYYZ,0.0
172,SAEZ,MMMX,142.0
173,SAEZ,CYVR,0.0
174,SAEZ,EDDF,0.0
175,SAEZ,KJFK,159.0
176,SAEZ,SBGL,147.0
177,SAEZ,LEMD,-0.0
178,SAEZ,ZSPD,0.0
179,SAEZ,OMDB,0.0
180,SAEZ,LTFM,0.0
181,SAEZ,ZBAA,0.0
182,SAEZ,VIDP,0.0
183,SAEZ,EFRO,0.0
184,SAEZ,EHEH,0.0
185,SAEZ,EFHK,0.0
186,SAEZ,LDZA,0.0
187,SAEZ,EBBR,0.0
188,SAEZ,EIDW,0.0
189,SAEZ,LGAV,0.0
190,SAEZ,BIKF,0.0
191,SAEZ,EETN,0.0
192,SAEZ,LKPR,0.0
193,SAEZ,FACT,0.0
194,SAEZ,ESSA,0.0
195,SAEZ,EGPH,0.0
196,SAEZ,LFQQ,0.0
197,SAEZ,LPPT,0.0
198,CYYZ,LIRF,0.0
199,CYYZ,EDDT,0.0
200,CYYZ,RJAA,0.0
201,CYYZ,EDDM,0.0
202,CYYZ,LFPG,0.0
203,CYYZ,SAEZ,0.0
204,CYYZ,CYYZ,-0.0
205,CYYZ,MMMX,0.0
206,CYYZ,CYVR,0.0
207,CYYZ,EDDF,0.0
208,CYYZ,KJFK,0.0
209,CYYZ,SBGL,0.0
210,CYYZ,LEMD,0.0
211,CYYZ,ZSPD,0.0
212,CYYZ,OMDB,0.0
213,CYYZ,LTFM,0.0
214,CYYZ,ZBAA,0.0
215,CYYZ,VIDP,0.0
216,CYYZ,EFRO,0.0
217,CYYZ,EHEH,0.0
218,CYYZ,EFHK,0.0
219,CYYZ,LDZA,0.0
220,CYYZ,EBBR,0.0
221,CYYZ,EIDW,0.0
222,CYYZ,LGAV,0.0
223,CYYZ,BIKF,0.0
224,CYYZ,EETN,0.0
225,CYYZ,LKPR,0.0
226,CYYZ,FACT,0.0
227,CYYZ,ESSA,0.0
228,CYYZ,EGPH,0.0
229,CYYZ,LFQQ,0.0
230,CYYZ,LPPT,0.0
231,MMMX,LIRF,92.0
232,MMMX,EDDT,-0.0
233,MMMX,RJAA,256.0
234,MMMX,EDDM,-0.0
235,MMMX,LFPG,164.0
236,MMMX,SAEZ,139.0
237,MMMX,CYYZ,0.0
238,MMMX,MMMX,-0.0
239,MMMX,CYVR,80.0
240,MMMX,EDDF,-0.0
241,MMMX,KJFK,256.0
242,MMMX,SBGL,132.0
243,MMMX,LEMD,105.0
244,MMMX,ZSPD,0.0
245,MMMX,OMDB,0.0
246,MMMX,LTFM,133.0
247,MMMX,ZBAA,0.0
248,MMMX,VIDP,0.0
249,MMMX,EFRO,0.0
250,MMMX,EHEH,0.0
251,MMMX,EFHK,0.0
252,MMMX,LDZA,0.0
253,MMMX,EBBR,-0.0
254,MMMX,EIDW,-0.0
255,MMMX,LGAV,0.0
256,MMMX,BIKF,0.0
257,MMMX,EETN,0.0
258,MMMX,LKPR,0.0
259,MMMX,FACT,0.0
260,MMMX,ESSA,-0.0
261,MMMX,EGPH,0.0
262,MMMX,LFQQ,0.0
263,MMMX,LPPT,0.0
264,CYVR,LIRF,0.0
265,CYVR,EDDT,0.0
266,CYVR,RJAA,114.0
267,CYVR,EDDM,0.0
268,CYVR,LFPG,-0.0
269,CYVR,SAEZ,0.0
270,CYVR,CYYZ,0.0
271,CYVR,MMMX,81.0
272,CYVR,CYVR,-0.0
273,CYVR,EDDF,0.0
274,CYVR,KJFK,114.0
275,CYVR,SBGL,0.0
276,CYVR,LEMD,0.0
277,CYVR,ZSPD,-0.0
278,CYVR,OMDB,0.0
279,CYVR,LTFM,0.0
280,CYVR,ZBAA,-0.0
281,CYVR,VIDP,-0.0
282,CYVR,EFRO,0.0
283,CYVR,EHEH,0.0
284,CYVR,EFHK,0.0
285,CYVR,LDZA,0.0
286,CYVR,EBBR,0.0
287,CYVR,EIDW,0.0
288,CYVR,LGAV,0.0
289,CYVR,BIKF,0.0
290,CYVR,EETN,0.0
291,CYVR,LKPR,0.0
292,CYVR,FACT,0.0
293,CYVR,ESSA,0.0
294,CYVR,EGPH,0.0
295,CYVR,LFQQ,0.0
296,CYVR,LPPT,0.0
297,EDDF,LIRF,86.0
298,EDDF,EDDT,103.0
299,EDDF,RJAA,133.0
300,EDDF,EDDM,93.0
301,EDDF,LFPG,176.0
302,EDDF,SAEZ,0.0
303,EDDF,CYYZ,0.0
304,EDDF,MMMX,-0.0
305,EDDF,CYVR,0.0
306,EDDF,EDDF,-0.0
307,EDDF,KJFK,98.0
308,EDDF,SBGL,0.0
309,EDDF,LEMD,92.0
310,EDDF,ZSPD,-0.0
311,EDDF,OMDB,46.0
312,EDDF,LTFM,101.0
313,EDDF,ZBAA,-0.0
314,EDDF,VIDP,98.0
315,EDDF,EFRO,0.0
316,EDDF,EHEH,31.0
317,EDDF,EFHK,42.0
318,EDDF,LDZA,31.0
319,EDDF,EBBR,56.0
320,EDDF,EIDW,56.0
321,EDDF,LGAV,49.0
322,EDDF,BIKF,0.0
323,EDDF,EETN,-0.0
324,EDDF,LKPR,56.0
325,EDDF,FACT,0.0
326,EDDF,ESSA,51.0
327,EDDF,EGPH,25.0
328,EDDF,LFQQ,56.0
329,EDDF,LPPT,42.0
330,KJFK,LIRF,150.0
331,KJFK,EDDT,137.0
332,KJFK,RJAA,256.0
333,KJFK,EDDM,122.0
334,KJFK,LFPG,256.0
335,KJFK,SAEZ,177.0
336,KJFK,CYYZ,0.0
337,KJFK,MMMX,256.0
338,KJFK,CYVR,108.0
339,KJFK,EDDF,100.0
340,KJFK,KJFK,-0.0
341,KJFK,SBGL,175.0
342,KJFK,LEMD,120.0
343,KJFK,ZSPD,256.0
344,KJFK,OMDB,-0.0
345,KJFK,LTFM,197.0
346,KJFK,ZBAA,211.0
347,KJFK,VIDP,218.0
348,KJFK,EFRO,0.0
349,KJFK,EHEH,-0.0
350,KJFK,EFHK,-0.0
351,KJFK,LDZA,0.0
352,KJFK,EBBR,101.0
353,KJFK,EIDW,102.0
354,KJFK,LGAV,105.0
355,KJFK,BIKF,-0.0
356,KJFK,EETN,0.0
357,KJFK,LKPR,-0.0
358,KJFK,FACT,0.0
359,KJFK,ESSA,101.0
360,KJFK,EGPH,46.0
361,KJFK,LFQQ,81.0
362,KJFK,LPPT,111.0
363,SBGL,LIRF,89.0
364,SBGL,EDDT,-0.0
365,SBGL,RJAA,0.0
366,SBGL,EDDM,0.0
367,SBGL,LFPG,149.0
368,SBGL,SAEZ,149.0
369,SBGL,CYYZ,0.0
370,SBGL,MMMX,150.0
371,SBGL,CYVR,0.0
372,SBGL,EDDF,0.0
373,SBGL,KJFK,177.0
374,SBGL,SBGL,-0.0
375,SBGL,LEMD,-0.0
376,SBGL,ZSPD,0.0
377,SBGL,OMDB,0.0
378,SBGL,LTFM,118.0
379,SBGL,ZBAA,0.0
380,SBGL,VIDP,0.0
381,SBGL,EFRO,0.0
382,SBGL,EHEH,0.0
383,SBGL,EFHK,0.0
384,SBGL,LDZA,0.0
385,SBGL,EBBR,0.0
386,SBGL,EIDW,0.0
387,SBGL,LGAV,0.0
388,SBGL,BIKF,0.0
389,SBGL,EETN,0.0
390,SBGL,LKPR,0.0
391,SBGL,FACT,67.0
392,SBGL,ESSA,0.0
393,SBGL,EGPH,0.0
394,SBGL,LFQQ,0.0
395,SBGL,LPPT,0.0
396,LEMD,LIRF,98.0
397,LEMD,EDDT,93.0
398,LEMD,RJAA,153.0
399,LEMD,EDDM,97.0
400,LEMD,LFPG,215.0
401,LEMD,SAEZ,-0.0
402,LEMD,CYYZ,0.0
403,LEMD,MMMX,103.0
404,LEMD,CYVR,0.0
405,LEMD,EDDF,89.0
406,LEMD,KJFK,120.0
407,LEMD,SBGL,-0.0
408,LEMD,LEMD,-0.0
409,LEMD,ZSPD,114.0
410,LEMD,OMDB,65.0
411,LEMD,LTFM,120.0
412,LEMD,ZBAA,93.0
413,LEMD,VIDP,138.0
414,LEMD,EFRO,0.0
415,LEMD,EHEH,28.0
416,LEMD,EFHK,49.0
417,LEMD,LDZA,39.0
418,LEMD,EBBR,79.0
419,LEMD,EIDW,87.0
420,LEMD,LGAV,56.0
421,LEMD,BIKF,-0.0
422,LEMD,EETN,23.0
423,LEMD,LKPR,56.0
424,LEMD,FACT,0.0
425,LEMD,ESSA,56.0
426,LEMD,EGPH,36.0
427,LEMD,LFQQ,56.0
428,LEMD,LPPT,105.0
429,ZSPD,LIRF,112.0
430,ZSPD,EDDT,120.0
431,ZSPD,RJAA,424.0
432,ZSPD,EDDM,-0.0
433,ZSPD,LFPG,194.0
434,ZSPD,SAEZ,0.0
435,ZSPD,CYYZ,0.0
436,ZSPD,MMMX,0.0
437,ZSPD,CYVR,-0.0
438,ZSPD,EDDF,-0.0
439,ZSPD,KJFK,212.0
440,ZSPD,SBGL,0.0
441,ZSPD,LEMD,126.0
442,ZSPD,ZSPD,-0.0
443,ZSPD,OMDB,98.0
444,ZSPD,LTFM,160.0
445,ZSPD,ZBAA,376.0
446,ZSPD,VIDP,252.0
447,ZSPD,EFRO,0.0
448,ZSPD,EHEH,0.0
449,ZSPD,EFHK,-0.0
450,ZSPD,LDZA,0.0
451,ZSPD,EBBR,-0.0
452,ZSPD,EIDW,-0.0
453,ZSPD,LGAV,-0.0
454,ZSPD,BIKF,0.0
455,ZSPD,EETN,0.0
456,ZSPD,LKPR,0.0
457,ZSPD,FACT,0.0
458,ZSPD,ESSA,-0.0
459,ZSPD,EGPH,0.0
460,ZSPD,LFQQ,0.0
461,ZSPD,LPPT,-0.0
462,OMDB,LIRF,53.0
463,OMDB,EDDT,51.0
464,OMDB,RJAA,122.0
465,OMDB,EDDM,51.0
466,OMDB,LFPG,98.0
467,OMDB,SAEZ,0.0
468,OMDB,CYYZ,0.0
469,OMDB,MMMX,0.0
470,OMDB,CYVR,0.0
471,OMDB,EDDF,44.0
472,OMDB,KJFK,-0.0
473,OMDB,SBGL,0.0
474,OMDB,LEMD,63.0
475,OMDB,ZSPD,107.0
476,OMDB,OMDB,-0.0
477,OMDB,LTFM,93.0
478,OMDB,ZBAA,93.0
479,OMDB,VIDP,120.0
480,OMDB,EFRO,0.0
481,OMDB,EHEH,0.0
482,OMDB,EFHK,-0.0
483,OMDB,LDZA,0.0
484,OMDB,EBBR,-0.0
485,OMDB,EIDW,-0.0
486,OMDB,LGAV,47.0
487,OMDB,BIKF,0.0
488,OMDB,EETN,0.0
489,OMDB,LKPR,0.0
490,OMDB,FACT,0.0
491,OMDB,ESSA,49.0
492,OMDB,EGPH,0.0
493,OMDB,LFQQ,0.0
494,OMDB,LPPT,0.0
495,LTFM,LIRF,120.0
496,LTFM,EDDT,120.0
497,LTFM,RJAA,224.0
498,LTFM,EDDM,120.0
499,LTFM,LFPG,231.0
500,LTFM,SAEZ,0.0
501,LTFM,CYYZ,0.0
502,LTFM,MMMX,140.0
503,LTFM,CYVR,0.0
504,LTFM,EDDF,98.0
505,LTFM,KJFK,200.0
506,LTFM,SBGL,116.0
507,LTFM,LEMD,120.0
508,LTFM,ZSPD,181.0
509,LTFM,OMDB,104.0
510,LTFM,LTFM,-0.0
511,LTFM,ZBAA,145.0
512,LTFM,VIDP,214.0
513,LTFM,EFRO,0.0
514,LTFM,EHEH,33.0
515,LTFM,EFHK,56.0
516,LTFM,LDZA,56.0
517,LTFM,EBBR,93.0
518,LTFM,EIDW,82.0
519,LTFM,LGAV,134.0
520,LTFM,BIKF,0.0
521,LTFM,EETN,39.0
522,LTFM,LKPR,80.0
523,LTFM,FACT,0.0
524,LTFM,ESSA,96.0
525,LTFM,EGPH,37.0
526,LTFM,LFQQ,56.0
527,LTFM,LPPT,81.0
528,ZBAA,LIRF,99.0
529,ZBAA,EDDT,113.0
530,ZBAA,RJAA,396.0
531,ZBAA,EDDM,90.0
532,ZBAA,LFPG,198.0
533,ZBAA,SAEZ,0.0
534,ZBAA,CYYZ,0.0
535,ZBAA,MMMX,0.0
536,ZBAA,CYVR,-0.0
537,ZBAA,EDDF,-0.0
538,ZBAA,KJFK,205.0
539,ZBAA,SBGL,0.0
540,ZBAA,LEMD,114.0
541,ZBAA,ZSPD,346.0
542,ZBAA,OMDB,104.0
543,ZBAA,LTFM,167.0
544,ZBAA,ZBAA,-0.0
545,ZBAA,VIDP,256.0
546,ZBAA,EFRO,0.0
547,ZBAA,EHEH,0.0
548,ZBAA,EFHK,0.0
549,ZBAA,LDZA,0.0
550,ZBAA,EBBR,-0.0
551,ZBAA,EIDW,-0.0
552,ZBAA,LGAV,-0.0
553,ZBAA,BIKF,0.0
554,ZBAA,EETN,0.0
555,ZBAA,LKPR,0.0
556,ZBAA,FACT,0.0
557,ZBAA,ESSA,-0.0
558,ZBAA,EGPH,0.0
559,ZBAA,LFQQ,0.0
560,ZBAA,LPPT,0.0
561,VIDP,LIRF,120.0
562,VIDP,EDDT,120.0
563,VIDP,RJAA,326.0
564,VIDP,EDDM,106.0
565,VIDP,LFPG,202.0
566,VIDP,SAEZ,0.0
567,VIDP,CYYZ,0.0
568,VIDP,MMMX,0.0
569,VIDP,CYVR,-0.0
570,VIDP,EDDF,108.0
571,VIDP,KJFK,242.0
572,VIDP,SBGL,0.0
573,VIDP,LEMD,137.0
574,VIDP,ZSPD,255.0
575,VIDP,OMDB,120.0
576,VIDP,LTFM,205.0
577,VIDP,ZBAA,230.0
578,VIDP,VIDP,-0.0
579,VIDP,EFRO,0.0
580,VIDP,EHEH,0.0
581,VIDP,EFHK,76.0
582,VIDP,LDZA,-0.0
583,VIDP,EBBR,-0.0
584,VIDP,EIDW,97.0
585,VIDP,LGAV,91.0
586,VIDP,BIKF,0.0
587,VIDP,EETN,-0.0
588,VIDP,LKPR,70.0
589,VIDP,FACT,-0.0
590,VIDP,ESSA,99.0
591,VIDP,EGPH,0.0
592,VIDP,LFQQ,0.0
593,VIDP,LPPT,-0.0
594,EFRO,LIRF,0.0
595,EFRO,EDDT,0.0
596,EFRO,RJAA,0.0
597,EFRO,EDDM,0.0
598,EFRO,LFPG,-0.0
599,EFRO,SAEZ,0.0
600,EFRO,CYYZ,0.0
601,EFRO,MMMX,0.0
602,EFRO,CYVR,0.0
603,EFRO,EDDF,0.0
604,EFRO,KJFK,0.0
605,EFRO,SBGL,0.0
606,EFRO,LEMD,0.0
607,EFRO,ZSPD,0.0
608,EFRO,OMDB,0.0
609,EFRO,LTFM,0.0
610,EFRO,ZBAA,0.0
611,EFRO,VIDP,0.0
612,EFRO,EFRO,-0.0
613,EFRO,EHEH,0.0
614,EFRO,EFHK,0.0
615,EFRO,LDZA,0.0
616,EFRO,EBBR,0.0
617,EFRO,EIDW,0.0
618,EFRO,LGAV,0.0
619,EFRO,BIKF,0.0
620,EFRO,EETN,0.0
621,EFRO,LKPR,0.0
622,EFRO,FACT,0.0
623,EFRO,ESSA,0.0
624,EFRO,EGPH,0.0
625,EFRO,LFQQ,0.0
626,EFRO,LPPT,0.0
627,EHEH,LIRF,23.0
628,EHEH,EDDT,30.0
629,EHEH,RJAA,0.0
630,EHEH,EDDM,24.0
631,EHEH,LFPG,56.0
632,EHEH,SAEZ,0.0
633,EHEH,CYYZ,0.0
634,EHEH,MMMX,0.0
635,EHEH,CYVR,0.0
636,EHEH,EDDF,26.0
637,EHEH,KJFK,-0.0
638,EHEH,SBGL,0.0
639,EHEH,LEMD,29.0
640,EHEH,ZSPD,0.0
641,EHEH,OMDB,0.0
642,EHEH,LTFM,38.0
643,EHEH,ZBAA,0.0
644,EHEH,VIDP,0.0
645,EHEH,EFRO,0.0
646,EHEH,EHEH,-0.0
647,EHEH,EFHK,0.0
648,EHEH,LDZA,0.0
649,EHEH,EBBR,37.0
650,EHEH,EIDW,20.0
651,EHEH,LGAV,0.0
652,EHEH,BIKF,0.0
653,EHEH,EETN,0.0
654,EHEH,LKPR,-0.0
655,EHEH,FACT,0.0
656,EHEH,ESSA,-0.0
657,EHEH,EGPH,0.0
658,EHEH,LFQQ,22.0
659,EHEH,LPPT,-0.0
660,EFHK,LIRF,56.0
661,EFHK,EDDT,56.0
662,EFHK,RJAA,87.0
663,EFHK,EDDM,43.0
664,EFHK,LFPG,56.0
665,EFHK,SAEZ,0.0
666,EFHK,CYYZ,0.0
667,EFHK,MMMX,0.0
668,EFHK,CYVR,0.0
669,EFHK,EDDF,43.0
670,EFHK,KJFK,-0.0
671,EFHK,SBGL,0.0
672,EFHK,LEMD,52.0
673,EFHK,ZSPD,-0.0
674,EFHK,OMDB,-0.0
675,EFHK,LTFM,77.0
676,EFHK,ZBAA,0.0
677,EFHK,VIDP,76.0
678,EFHK,EFRO,0.0
679,EFHK,EHEH,0.0
680,EFHK,EFHK,-0.0
681,EFHK,LDZA,-0.0
682,EFHK,EBBR,38.0
683,EFHK,EIDW,37.0
684,EFHK,LGAV,32.0
685,EFHK,BIKF,0.0
686,EFHK,EETN,31.0
687,EFHK,LKPR,34.0
688,EFHK,FACT,0.0
689,EFHK,ESSA,56.0
690,EFHK,EGPH,-0.0
691,EFHK,LFQQ,32.0
692,EFHK,LPPT,0.0
693,LDZA,LIRF,46.0
694,LDZA,EDDT,35.0
695,LDZA,RJAA,0.0
696,LDZA,EDDM,42.0
697,LDZA,LFPG,56.0
698,LDZA,SAEZ,0.0
699,LDZA,CYYZ,0.0
700,LDZA,MMMX,0.0
701,LDZA,CYVR,0.0
702,LDZA,EDDF,31.0
703,LDZA,KJFK,0.0
704,LDZA,SBGL,0.0
705,LDZA,LEMD,35.0
706,LDZA,ZSPD,0.0
707,LDZA,OMDB,0.0
708,LDZA,LTFM,56.0
709,LDZA,ZBAA,0.0
710,LDZA,VIDP,-0.0
711,LDZA,EFRO,0.0
712,LDZA,EHEH,0.0
713,LDZA,EFHK,-0.0
714,LDZA,LDZA,-0.0
715,LDZA,EBBR,23.0
716,LDZA,EIDW,25.0
717,LDZA,LGAV,24.0
718,LDZA,BIKF,0.0
719,LDZA,EETN,0.0
720,LDZA,LKPR,33.0
721,LDZA,FACT,0.0
722,LDZA,ESSA,27.0
723,LDZA,EGPH,0.0
724,LDZA,LFQQ,20.0
725,LDZA,LPPT,-0.0
726,EBBR,LIRF,56.0
727,EBBR,EDDT,56.0
728,EBBR,RJAA,107.0
729,EBBR,EDDM,56.0
730,EBBR,LFPG,176.0
731,EBBR,SAEZ,0.0
732,EBBR,CYYZ,0.0
733,EBBR,MMMX,-0.0
734,EBBR,CYVR,0.0
735,EBBR,EDDF,56.0
736,EBBR,KJFK,96.0
737,EBBR,SBGL,0.0
738,EBBR,LEMD,56.0
739,EBBR,ZSPD,-0.0
740,EBBR,OMDB,-0.0
741,EBBR,LTFM,98.0
742,EBBR,ZBAA,-0.0
743,EBBR,VIDP,-0.0
744,EBBR,EFRO,0.0
745,EBBR,EHEH,33.0
746,EBBR,EFHK,41.0
747,EBBR,LDZA,26.0
748,EBBR,EBBR,-0.0
749,EBBR,EIDW,56.0
750,EBBR,LGAV,46.0
751,EBBR,BIKF,0.0
752,EBBR,EETN,-0.0
753,EBBR,LKPR,46.0
754,EBBR,FACT,0.0
755,EBBR,ESSA,52.0
756,EBBR,EGPH,25.0
757,EBBR,LFQQ,56.0
758,EBBR,LPPT,39.0
759,EIDW,LIRF,55.0
760,EIDW,EDDT,56.0
761,EIDW,RJAA,104.0
762,EIDW,EDDM,56.0
763,EIDW,LFPG,120.0
764,EIDW,SAEZ,0.0
765,EIDW,CYYZ,0.0
766,EIDW,MMMX,-0.0
767,EIDW,CYVR,0.0
768,EIDW,EDDF,56.0
769,EIDW,KJFK,105.0
770,EIDW,SBGL,0.0
771,EIDW,LEMD,56.0
772,EIDW,ZSPD,-0.0
773,EIDW,OMDB,-0.0
774,EIDW,LTFM,56.0
775,EIDW,ZBAA,-0.0
776,EIDW,VIDP,87.0
777,EIDW,EFRO,0.0
778,EIDW,EHEH,23.0
779,EIDW,EFHK,38.0
780,EIDW,LDZA,27.0
781,EIDW,EBBR,49.0
782,EIDW,EIDW,-0.0
783,EIDW,LGAV,46.0
784,EIDW,BIKF,0.0
785,EIDW,EETN,-0.0
786,EIDW,LKPR,39.0
787,EIDW,FACT,0.0
788,EIDW,ESSA,48.0
789,EIDW,EGPH,33.0
790,EIDW,LFQQ,41.0
791,EIDW,LPPT,46.0
792,LGAV,LIRF,76.0
793,LGAV,EDDT,56.0
794,LGAV,RJAA,122.0
795,LGAV,EDDM,54.0
796,LGAV,LFPG,116.0
797,LGAV,SAEZ,0.0
798,LGAV,CYYZ,0.0
799,LGAV,MMMX,0.0
800,LGAV,CYVR,0.0
801,LGAV,EDDF,44.0
802,LGAV,KJFK,107.0
803,LGAV,SBGL,0.0
804,LGAV,LEMD,56.0
805,LGAV,ZSPD,-0.0
806,LGAV,OMDB,44.0
807,LGAV,LTFM,154.0
808,LGAV,ZBAA,-0.0
809,LGAV,VIDP,104.0
810,LGAV,EFRO,0.0
811,LGAV,EHEH,0.0
812,LGAV,EFHK,39.0
813,LGAV,LDZA,30.0
814,LGAV,EBBR,45.0
815,LGAV,EIDW,43.0
816,LGAV,LGAV,-0.0
817,LGAV,BIKF,0.0
818,LGAV,EETN,-0.0
819,LGAV,LKPR,35.0
820,LGAV,FACT,0.0
821,LGAV,ESSA,52.0
822,LGAV,EGPH,-0.0
823,LGAV,LFQQ,38.0
824,LGAV,LPPT,44.0
825,BIKF,LIRF,0.0
826,BIKF,EDDT,0.0
827,BIKF,RJAA,0.0
828,BIKF,EDDM,0.0
829,BIKF,LFPG,29.0
830,BIKF,SAEZ,0.0
831,BIKF,CYYZ,0.0
832,BIKF,MMMX,0.0
833,BIKF,CYVR,0.0
834,BIKF,EDDF,0.0
835,BIKF,KJFK,-0.0
836,BIKF,SBGL,0.0
837,BIKF,LEMD,-0.0
838,BIKF,ZSPD,0.0
839,BIKF,OMDB,0.0
840,BIKF,LTFM,0.0
841,BIKF,ZBAA,0.0
842,BIKF,VIDP,0.0
843,BIKF,EFRO,0.0
844,BIKF,EHEH,0.0
845,BIKF,EFHK,0.0
846,BIKF,LDZA,0.0
847,BIKF,EBBR,0.0
848,BIKF,EIDW,0.0
849,BIKF,LGAV,0.0
850,BIKF,BIKF,-0.0
851,BIKF,EETN,0.0
852,BIKF,LKPR,0.0
853,BIKF,FACT,0.0
854,BIKF,ESSA,0.0
855,BIKF,EGPH,0.0
856,BIKF,LFQQ,0.0
857,BIKF,LPPT,0.0
858,EETN,LIRF,26.0
859,EETN,EDDT,29.0
860,EETN,RJAA,0.0
861,EETN,EDDM,22.0
862,EETN,LFPG,47.0
863,EETN,SAEZ,0.0
864,EETN,CYYZ,0.0
865,EETN,MMMX,0.0
866,EETN,CYVR,0.0
867,EETN,EDDF,-0.0
868,EETN,KJFK,0.0
869,EETN,SBGL,0.0
870,EETN,LEMD,24.0
871,EETN,ZSPD,0.0
872,EETN,OMDB,0.0
873,EETN,LTFM,39.0
874,EETN,ZBAA,0.0
875,EETN,VIDP,-0.0
876,EETN,EFRO,0.0
877,EETN,EHEH,0.0
878,EETN,EFHK,32.0
879,EETN,LDZA,0.0
880,EETN,EBBR,-0.0
881,EETN,EIDW,-0.0
882,EETN,LGAV,-0.0
883,EETN,BIKF,0.0
884,EETN,EETN,-0.0
885,EETN,LKPR,-0.0
886,EETN,FACT,0.0
887,EETN,ESSA,28.0
888,EETN,EGPH,0.0
889,EETN,LFQQ,0.0
890,EETN,LPPT,0.0
891,LKPR,LIRF,56.0
892,LKPR,EDDT,92.0
893,LKPR,RJAA,77.0
894,LKPR,EDDM,56.0
895,LKPR,LFPG,94.0
896,LKPR,SAEZ,0.0
897,LKPR,CYYZ,0.0
898,LKPR,MMMX,0.0
899,LKPR,CYVR,0.0
900,LKPR,EDDF,56.0
901,LKPR,KJFK,-0.0
902,LKPR,SBGL,0.0
903,LKPR,LEMD,56.0
904,LKPR,ZSPD,0.0
905,LKPR,OMDB,0.0
906,LKPR,LTFM,56.0
907,LKPR,ZBAA,0.0
908,LKPR,VIDP,78.0
909,LKPR,EFRO,0.0
910,LKPR,EHEH,-0.0
911,LKPR,EFHK,31.0
912,LKPR,LDZA,25.0
913,LKPR,EBBR,49.0
914,LKPR,EIDW,41.0
915,LKPR,LGAV,39.0
916,LKPR,BIKF,0.0
917,LKPR,EETN,-0.0
918,LKPR,LKPR,-0.0
919,LKPR,FACT,0.0
920,LKPR,ESSA,39.0
921,LKPR,EGPH,-0.0
922,LKPR,LFQQ,35.0
923,LKPR,LPPT,34.0
924,FACT,LIRF,0.0
925,FACT,EDDT,0.0
926,FACT,RJAA,0.0
927,FACT,EDDM,0.0
928,FACT,LFPG,-0.0
929,FACT,SAEZ,0.0
930,FACT,CYYZ,0.0
931,FACT,MMMX,0.0
932,FACT,CYVR,0.0
933,FACT,EDDF,0.0
934,FACT,KJFK,0.0
935,FACT,SBGL,58.0
936,FACT,LEMD,0.0
937,FACT,ZSPD,0.0
938,FACT,OMDB,0.0
939,FACT,LTFM,0.0
940,FACT,ZBAA,0.0
941,FACT,VIDP,-0.0
942,FACT,EFRO,0.0
943,FACT,EHEH,0.0
944,FACT,EFHK,0.0
945,FACT,LDZA,0.0
946,FACT,EBBR,0.0
947,FACT,EIDW,0.0
948,FACT,LGAV,0.0
949,FACT,BIKF,0.0
950,FACT,EETN,0.0
951,FACT,LKPR,0.0
952,FACT,FACT,-0.0
953,FACT,ESSA,0.0
954,FACT,EGPH,0.0
955,FACT,LFQQ,0.0
956,FACT,LPPT,0.0
957,ESSA,LIRF,56.0
958,ESSA,EDDT,83.0
959,ESSA,RJAA,128.0
960,ESSA,EDDM,56.0
961,ESSA,LFPG,120.0
962,ESSA,SAEZ,0.0
963,ESSA,CYYZ,0.0
964,ESSA,MMMX,-0.0
965,ESSA,CYVR,0.0
966,ESSA,EDDF,56.0
967,ESSA,KJFK,101.0
968,ESSA,SBGL,0.0
969,ESSA,LEMD,56.0
970,ESSA,ZSPD,-0.0
971,ESSA,OMDB,42.0
972,ESSA,LTFM,95.0
973,ESSA,ZBAA,-0.0
974,ESSA,VIDP,102.0
975,ESSA,EFRO,0.0
976,ESSA,EHEH,-0.0
977,ESSA,EFHK,56.0
978,ESSA,LDZA,25.0
979,ESSA,EBBR,47.0
980,ESSA,EIDW,47.0
981,ESSA,LGAV,51.0
982,ESSA,BIKF,0.0
983,ESSA,EETN,27.0
984,ESSA,LKPR,40.0
985,ESSA,FACT,0.0
986,ESSA,ESSA,-0.0
987,ESSA,EGPH,23.0
988,ESSA,LFQQ,43.0
989,ESSA,LPPT,40.0
990,EGPH,LIRF,30.0
991,EGPH,EDDT,32.0
992,EGPH,RJAA,0.0
993,EGPH,EDDM,25.0
994,EGPH,LFPG,56.0
995,EGPH,SAEZ,0.0
996,EGPH,CYYZ,0.0
997,EGPH,MMMX,0.0
998,EGPH,CYVR,0.0
999,EGPH,EDDF,27.0
1000,EGPH,KJFK,48.0
1001,EGPH,SBGL,0.0
1002,EGPH,LEMD,32.0
1003,EGPH,ZSPD,0.0
1004,EGPH,OMDB,0.0
1005,EGPH,LTFM,39.0
1006,EGPH,ZBAA,0.0
1007,EGPH,VIDP,0.0
1008,EGPH,EFRO,0.0
1009,EGPH,EHEH,0.0
1010,EGPH,EFHK,-0.0
1011,EGPH,LDZA,0.0
1012,EGPH,EBBR,26.0
1013,EGPH,EIDW,36.0
1014,EGPH,LGAV,-0.0
1015,EGPH,BIKF,0.0
1016,EGPH,EETN,0.0
1017,EGPH,LKPR,-0.0
1018,EGPH,FACT,0.0
1019,EGPH,ESSA,24.0
1020,EGPH,EGPH,-0.0
1021,EGPH,LFQQ,0.0
1022,EGPH,LPPT,0.0
1023,LFQQ,LIRF,46.0
1024,LFQQ,EDDT,56.0
1025,LFQQ,RJAA,-0.0
1026,LFQQ,EDDM,52.0
1027,LFQQ,LFPG,164.0
1028,LFQQ,SAEZ,0.0
1029,LFQQ,CYYZ,0.0
1030,LFQQ,MMMX,0.0
1031,LFQQ,CYVR,0.0
1032,LFQQ,EDDF,56.0
1033,LFQQ,KJFK,77.0
1034,LFQQ,SBGL,0.0
1035,LFQQ,LEMD,56.0
1036,LFQQ,ZSPD,0.0
1037,LFQQ,OMDB,0.0
1038,LFQQ,LTFM,83.0
1039,LFQQ,ZBAA,0.0
1040,LFQQ,VIDP,0.0
1041,LFQQ,EFRO,0.0
1042,LFQQ,EHEH,25.0
1043,LFQQ,EFHK,28.0
1044,LFQQ,LDZA,22.0
1045,LFQQ,EBBR,56.0
1046,LFQQ,EIDW,50.0
1047,LFQQ,LGAV,43.0
1048,LFQQ,BIKF,0.0
1049,LFQQ,EETN,0.0
1050,LFQQ,LKPR,33.0
1051,LFQQ,FACT,0.0
1052,LFQQ,ESSA,36.0
1053,LFQQ,EGPH,0.0
1054,LFQQ,LFQQ,-0.0
1055,LFQQ,LPPT,31.0
1056,LPPT,LIRF,52.0
1057,LPPT,EDDT,51.0
1058,LPPT,RJAA,86.0
1059,LPPT,EDDM,44.0
1060,LPPT,LFPG,114.0
1061,LPPT,SAEZ,0.0
1062,LPPT,CYYZ,0.0
1063,LPPT,MMMX,0.0
1064,LPPT,CYVR,0.0
1065,LPPT,EDDF,43.0
1066,LPPT,KJFK,94.0
1067,LPPT,SBGL,0.0
1068,LPPT,LEMD,98.0
1069,LPPT,ZSPD,-0.0
1070,LPPT,OMDB,0.0
1071,LPPT,LTFM,56.0
1072,LPPT,ZBAA,0.0
1073,LPPT,VIDP,-0.0
1074,LPPT,EFRO,0.0
1075,LPPT,EHEH,-0.0
1076,LPPT,EFHK,0.0
1077,LPPT,LDZA,-0.0
1078,LPPT,EBBR,42.0
1079,LPPT,EIDW,46.0
1080,LPPT,LGAV,39.0
1081,LPPT,BIKF,0.0
1082,LPPT,EETN,0.0
1083,LPPT,LKPR,28.0
1084,LPPT,FACT,0.0
1085,LPPT,ESSA,39.0
1086,LPPT,EGPH,0.0
1087,LPPT,LFQQ,38.0
1088,LPPT,LPPT,-0.0
