,Origin,Destination,Total_pax,Connected_at
0,LIRF,LIRF,-0.0,LIRF
1,LIRF,EDDT,0.0,LIRF
2,LIRF,RJAA,0.0,LIRF
3,LIRF,EDDM,0.0,LIRF
4,LIRF,LFPG,0.0,LIRF
5,LIRF,SAEZ,0.0,LIRF
6,LIRF,CYYZ,0.0,LIRF
7,LIRF,MMMX,0.0,LIRF
8,LIRF,CYVR,0.0,LIRF
9,LIRF,EDDF,0.0,LIRF
10,LIRF,KJFK,0.0,LIRF
11,LIRF,SBGL,0.0,LIRF
12,LIRF,LEMD,0.0,LIRF
13,LIRF,ZSPD,0.0,LIRF
14,LIRF,OMDB,0.0,LIRF
15,LIRF,LTFM,0.0,LIRF
16,LIRF,ZBAA,0.0,LIRF
17,LIRF,VIDP,0.0,LIRF
18,LIRF,EFRO,0.0,LIRF
19,LIRF,EHEH,0.0,LIRF
20,LIRF,EFHK,0.0,LIRF
21,LIRF,LDZA,0.0,LIRF
22,LIRF,EBBR,0.0,LIRF
23,LIRF,EIDW,0.0,LIRF
24,LIRF,LGAV,0.0,LIRF
25,LIRF,BIKF,0.0,LIRF
26,LIRF,EETN,0.0,LIRF
27,LIRF,LKPR,0.0,LIRF
28,LIRF,FACT,0.0,LIRF
29,LIRF,ESSA,0.0,LIRF
30,LIRF,EGPH,0.0,LIRF
31,LIRF,LFQQ,0.0,LIRF
32,LIRF,LPPT,0.0,LIRF
33,EDDT,LIRF,0.0,LIRF
34,EDDT,EDDT,-0.0,LIRF
35,EDDT,RJAA,0.0,LIRF
36,EDDT,EDDM,0.0,LIRF
37,EDDT,LFPG,0.0,LIRF
38,EDDT,SAEZ,0.0,LIRF
39,EDDT,CYYZ,0.0,LIRF
40,EDDT,MMMX,0.0,LIRF
41,EDDT,CYVR,0.0,LIRF
42,EDDT,EDDF,0.0,LIRF
43,EDDT,KJFK,0.0,LIRF
44,EDDT,SBGL,0.0,LIRF
45,EDDT,LEMD,0.0,LIRF
46,EDDT,ZSPD,0.0,LIRF
47,EDDT,OMDB,0.0,LIRF
48,EDDT,LTFM,0.0,LIRF
49,EDDT,ZBAA,0.0,LIRF
50,EDDT,VIDP,0.0,LIRF
51,EDDT,EFRO,0.0,LIRF
52,EDDT,EHEH,0.0,LIRF
53,EDDT,EFHK,0.0,LIRF
54,EDDT,LDZA,0.0,LIRF
55,EDDT,EBBR,0.0,LIRF
56,EDDT,EIDW,0.0,LIRF
57,EDDT,LGAV,0.0,LIRF
58,EDDT,BIKF,0.0,LIRF
59,EDDT,EETN,0.0,LIRF
60,EDDT,LKPR,0.0,LIRF
61,EDDT,FACT,0.0,LIRF
62,EDDT,ESSA,0.0,LIRF
63,EDDT,EGPH,0.0,LIRF
64,EDDT,LFQQ,0.0,LIRF
65,EDDT,LPPT,0.0,LIRF
66,RJAA,LIRF,0.0,LIRF
67,RJAA,EDDT,0.0,LIRF
68,RJAA,RJAA,-0.0,LIRF
69,RJAA,EDDM,0.0,LIRF
70,RJAA,LFPG,0.0,LIRF
71,RJAA,SAEZ,0.0,LIRF
72,RJAA,CYYZ,0.0,LIRF
73,RJAA,MMMX,0.0,LIRF
74,RJAA,CYVR,0.0,LIRF
75,RJAA,EDDF,0.0,LIRF
76,RJAA,KJFK,0.0,LIRF
77,RJAA,SBGL,0.0,LIRF
78,RJAA,LEMD,0.0,LIRF
79,RJAA,ZSPD,0.0,LIRF
80,RJAA,OMDB,0.0,LIRF
81,RJAA,LTFM,0.0,LIRF
82,RJAA,ZBAA,0.0,LIRF
83,RJAA,VIDP,0.0,LIRF
84,RJAA,EFRO,0.0,LIRF
85,RJAA,EHEH,0.0,LIRF
86,RJAA,EFHK,0.0,LIRF
87,RJAA,LDZA,0.0,LIRF
88,RJAA,EBBR,0.0,LIRF
89,RJAA,EIDW,0.0,LIRF
90,RJAA,LGAV,0.0,LIRF
91,RJAA,BIKF,0.0,LIRF
92,RJAA,EETN,0.0,LIRF
93,RJAA,LKPR,0.0,LIRF
94,RJAA,FACT,0.0,LIRF
95,RJAA,ESSA,0.0,LIRF
96,RJAA,EGPH,0.0,LIRF
97,RJAA,LFQQ,0.0,LIRF
98,RJAA,LPPT,0.0,LIRF
99,EDDM,LIRF,0.0,LIRF
100,EDDM,EDDT,0.0,LIRF
101,EDDM,RJAA,0.0,LIRF
102,EDDM,EDDM,-0.0,LIRF
103,EDDM,LFPG,0.0,LIRF
104,EDDM,SAEZ,0.0,LIRF
105,EDDM,CYYZ,0.0,LIRF
106,EDDM,MMMX,0.0,LIRF
107,EDDM,CYVR,0.0,LIRF
108,EDDM,EDDF,0.0,LIRF
109,EDDM,KJFK,0.0,LIRF
110,EDDM,SBGL,0.0,LIRF
111,EDDM,LEMD,0.0,LIRF
112,EDDM,ZSPD,0.0,LIRF
113,EDDM,OMDB,0.0,LIRF
114,EDDM,LTFM,0.0,LIRF
115,EDDM,ZBAA,0.0,LIRF
116,EDDM,VIDP,0.0,LIRF
117,EDDM,EFRO,0.0,LIRF
118,EDDM,EHEH,0.0,LIRF
119,EDDM,EFHK,0.0,LIRF
120,EDDM,LDZA,0.0,LIRF
121,EDDM,EBBR,0.0,LIRF
122,EDDM,EIDW,0.0,LIRF
123,EDDM,LGAV,0.0,LIRF
124,EDDM,BIKF,0.0,LIRF
125,EDDM,EETN,0.0,LIRF
126,EDDM,LKPR,0.0,LIRF
127,EDDM,FACT,0.0,LIRF
128,EDDM,ESSA,0.0,LIRF
129,EDDM,EGPH,0.0,LIRF
130,EDDM,LFQQ,0.0,LIRF
131,EDDM,LPPT,0.0,LIRF
132,LFPG,LIRF,0.0,LIRF
133,LFPG,EDDT,0.0,LIRF
134,LFPG,RJAA,0.0,LIRF
135,LFPG,EDDM,0.0,LIRF
136,LFPG,LFPG,-0.0,LIRF
137,LFPG,SAEZ,0.0,LIRF
138,LFPG,CYYZ,0.0,LIRF
139,LFPG,MMMX,0.0,LIRF
140,LFPG,CYVR,0.0,LIRF
141,LFPG,EDDF,0.0,LIRF
142,LFPG,KJFK,0.0,LIRF
143,LFPG,SBGL,0.0,LIRF
144,LFPG,LEMD,0.0,LIRF
145,LFPG,ZSPD,0.0,LIRF
146,LFPG,OMDB,0.0,LIRF
147,LFPG,LTFM,0.0,LIRF
148,LFPG,ZBAA,0.0,LIRF
149,LFPG,VIDP,0.0,LIRF
150,LFPG,EFRO,0.0,LIRF
151,LFPG,EHEH,0.0,LIRF
152,LFPG,EFHK,0.0,LIRF
153,LFPG,LDZA,0.0,LIRF
154,LFPG,EBBR,0.0,LIRF
155,LFPG,EIDW,0.0,LIRF
156,LFPG,LGAV,0.0,LIRF
157,LFPG,BIKF,0.0,LIRF
158,LFPG,EETN,0.0,LIRF
159,LFPG,LKPR,0.0,LIRF
160,LFPG,FACT,0.0,LIRF
161,LFPG,ESSA,0.0,LIRF
162,LFPG,EGPH,0.0,LIRF
163,LFPG,LFQQ,0.0,LIRF
164,LFPG,LPPT,0.0,LIRF
165,SAEZ,LIRF,0.0,LIRF
166,SAEZ,EDDT,0.0,LIRF
167,SAEZ,RJAA,0.0,LIRF
168,SAEZ,EDDM,0.0,LIRF
169,SAEZ,LFPG,0.0,LIRF
170,SAEZ,SAEZ,-0.0,LIRF
171,SAEZ,CYYZ,0.0,LIRF
172,SAEZ,MMMX,0.0,LIRF
173,SAEZ,CYVR,0.0,LIRF
174,SAEZ,EDDF,0.0,LIRF
175,SAEZ,KJFK,0.0,LIRF
176,SAEZ,SBGL,0.0,LIRF
177,SAEZ,LEMD,0.0,LIRF
178,SAEZ,ZSPD,0.0,LIRF
179,SAEZ,OMDB,0.0,LIRF
180,SAEZ,LTFM,0.0,LIRF
181,SAEZ,ZBAA,0.0,LIRF
182,SAEZ,VIDP,0.0,LIRF
183,SAEZ,EFRO,0.0,LIRF
184,SAEZ,EHEH,0.0,LIRF
185,SAEZ,EFHK,0.0,LIRF
186,SAEZ,LDZA,0.0,LIRF
187,SAEZ,EBBR,0.0,LIRF
188,SAEZ,EIDW,0.0,LIRF
189,SAEZ,LGAV,0.0,LIRF
190,SAEZ,BIKF,0.0,LIRF
191,SAEZ,EETN,0.0,LIRF
192,SAEZ,LKPR,0.0,LIRF
193,SAEZ,FACT,0.0,LIRF
194,SAEZ,ESSA,0.0,LIRF
195,SAEZ,EGPH,0.0,LIRF
196,SAEZ,LFQQ,0.0,LIRF
197,SAEZ,LPPT,0.0,LIRF
198,CYYZ,LIRF,0.0,LIRF
199,CYYZ,EDDT,0.0,LIRF
200,CYYZ,RJAA,0.0,LIRF
201,CYYZ,EDDM,0.0,LIRF
202,CYYZ,LFPG,0.0,LIRF
203,CYYZ,SAEZ,0.0,LIRF
204,CYYZ,CYYZ,-0.0,LIRF
205,CYYZ,MMMX,0.0,LIRF
206,CYYZ,CYVR,0.0,LIRF
207,CYYZ,EDDF,0.0,LIRF
208,CYYZ,KJFK,0.0,LIRF
209,CYYZ,SBGL,0.0,LIRF
210,CYYZ,LEMD,0.0,LIRF
211,CYYZ,ZSPD,0.0,LIRF
212,CYYZ,OMDB,0.0,LIRF
213,CYYZ,LTFM,0.0,LIRF
214,CYYZ,ZBAA,0.0,LIRF
215,CYYZ,VIDP,0.0,LIRF
216,CYYZ,EFRO,0.0,LIRF
217,CYYZ,EHEH,0.0,LIRF
218,CYYZ,EFHK,0.0,LIRF
219,CYYZ,LDZA,0.0,LIRF
220,CYYZ,EBBR,0.0,LIRF
221,CYYZ,EIDW,0.0,LIRF
222,CYYZ,LGAV,0.0,LIRF
223,CYYZ,BIKF,0.0,LIRF
224,CYYZ,EETN,0.0,LIRF
225,CYYZ,LKPR,0.0,LIRF
226,CYYZ,FACT,0.0,LIRF
227,CYYZ,ESSA,0.0,LIRF
228,CYYZ,EGPH,0.0,LIRF
229,CYYZ,LFQQ,0.0,LIRF
230,CYYZ,LPPT,0.0,LIRF
231,MMMX,LIRF,0.0,LIRF
232,MMMX,EDDT,0.0,LIRF
233,MMMX,RJAA,0.0,LIRF
234,MMMX,EDDM,0.0,LIRF
235,MMMX,LFPG,0.0,LIRF
236,MMMX,SAEZ,0.0,LIRF
237,MMMX,CYYZ,0.0,LIRF
238,MMMX,MMMX,-0.0,LIRF
239,MMMX,CYVR,0.0,LIRF
240,MMMX,EDDF,0.0,LIRF
241,MMMX,KJFK,0.0,LIRF
242,MMMX,SBGL,0.0,LIRF
243,MMMX,LEMD,0.0,LIRF
244,MMMX,ZSPD,0.0,LIRF
245,MMMX,OMDB,0.0,LIRF
246,MMMX,LTFM,0.0,LIRF
247,MMMX,ZBAA,0.0,LIRF
248,MMMX,VIDP,0.0,LIRF
249,MMMX,EFRO,0.0,LIRF
250,MMMX,EHEH,0.0,LIRF
251,MMMX,EFHK,0.0,LIRF
252,MMMX,LDZA,0.0,LIRF
253,MMMX,EBBR,0.0,LIRF
254,MMMX,EIDW,0.0,LIRF
255,MMMX,LGAV,0.0,LIRF
256,MMMX,BIKF,0.0,LIRF
257,MMMX,EETN,0.0,LIRF
258,MMMX,LKPR,0.0,LIRF
259,MMMX,FACT,0.0,LIRF
260,MMMX,ESSA,0.0,LIRF
261,MMMX,EGPH,0.0,LIRF
262,MMMX,LFQQ,0.0,LIRF
263,MMMX,LPPT,0.0,LIRF
264,CYVR,LIRF,0.0,LIRF
265,CYVR,EDDT,0.0,LIRF
266,CYVR,RJAA,0.0,LIRF
267,CYVR,EDDM,0.0,LIRF
268,CYVR,LFPG,0.0,LIRF
269,CYVR,SAEZ,0.0,LIRF
270,CYVR,CYYZ,0.0,LIRF
271,CYVR,MMMX,0.0,LIRF
272,CYVR,CYVR,-0.0,LIRF
273,CYVR,EDDF,0.0,LIRF
274,CYVR,KJFK,0.0,LIRF
275,CYVR,SBGL,0.0,LIRF
276,CYVR,LEMD,0.0,LIRF
277,CYVR,ZSPD,0.0,LIRF
278,CYVR,OMDB,0.0,LIRF
279,CYVR,LTFM,0.0,LIRF
280,CYVR,ZBAA,0.0,LIRF
281,CYVR,VIDP,0.0,LIRF
282,CYVR,EFRO,0.0,LIRF
283,CYVR,EHEH,0.0,LIRF
284,CYVR,EFHK,0.0,LIRF
285,CYVR,LDZA,0.0,LIRF
286,CYVR,EBBR,0.0,LIRF
287,CYVR,EIDW,0.0,LIRF
288,CYVR,LGAV,0.0,LIRF
289,CYVR,BIKF,0.0,LIRF
290,CYVR,EETN,0.0,LIRF
291,CYVR,LKPR,0.0,LIRF
292,CYVR,FACT,0.0,LIRF
293,CYVR,ESSA,0.0,LIRF
294,CYVR,EGPH,0.0,LIRF
295,CYVR,LFQQ,0.0,LIRF
296,CYVR,LPPT,0.0,LIRF
297,EDDF,LIRF,0.0,LIRF
298,EDDF,EDDT,0.0,LIRF
299,EDDF,RJAA,0.0,LIRF
300,EDDF,EDDM,0.0,LIRF
301,EDDF,LFPG,0.0,LIRF
302,EDDF,SAEZ,0.0,LIRF
303,EDDF,CYYZ,0.0,LIRF
304,EDDF,MMMX,0.0,LIRF
305,EDDF,CYVR,0.0,LIRF
306,EDDF,EDDF,-0.0,LIRF
307,EDDF,KJFK,0.0,LIRF
308,EDDF,SBGL,0.0,LIRF
309,EDDF,LEMD,0.0,LIRF
310,EDDF,ZSPD,0.0,LIRF
311,EDDF,OMDB,0.0,LIRF
312,EDDF,LTFM,0.0,LIRF
313,EDDF,ZBAA,0.0,LIRF
314,EDDF,VIDP,0.0,LIRF
315,EDDF,EFRO,0.0,LIRF
316,EDDF,EHEH,0.0,LIRF
317,EDDF,EFHK,0.0,LIRF
318,EDDF,LDZA,0.0,LIRF
319,EDDF,EBBR,0.0,LIRF
320,EDDF,EIDW,0.0,LIRF
321,EDDF,LGAV,0.0,LIRF
322,EDDF,BIKF,0.0,LIRF
323,EDDF,EETN,0.0,LIRF
324,EDDF,LKPR,0.0,LIRF
325,EDDF,FACT,0.0,LIRF
326,EDDF,ESSA,0.0,LIRF
327,EDDF,EGPH,0.0,LIRF
328,EDDF,LFQQ,0.0,LIRF
329,EDDF,LPPT,0.0,LIRF
330,KJFK,LIRF,0.0,LIRF
331,KJFK,EDDT,0.0,LIRF
332,KJFK,RJAA,0.0,LIRF
333,KJFK,EDDM,0.0,LIRF
334,KJFK,LFPG,0.0,LIRF
335,KJFK,SAEZ,0.0,LIRF
336,KJFK,CYYZ,0.0,LIRF
337,KJFK,MMMX,0.0,LIRF
338,KJFK,CYVR,0.0,LIRF
339,KJFK,EDDF,0.0,LIRF
340,KJFK,KJFK,-0.0,LIRF
341,KJFK,SBGL,0.0,LIRF
342,KJFK,LEMD,0.0,LIRF
343,KJFK,ZSPD,0.0,LIRF
344,KJFK,OMDB,0.0,LIRF
345,KJFK,LTFM,0.0,LIRF
346,KJFK,ZBAA,0.0,LIRF
347,KJFK,VIDP,0.0,LIRF
348,KJFK,EFRO,0.0,LIRF
349,KJFK,EHEH,0.0,LIRF
350,KJFK,EFHK,0.0,LIRF
351,KJFK,LDZA,0.0,LIRF
352,KJFK,EBBR,0.0,LIRF
353,KJFK,EIDW,0.0,LIRF
354,KJFK,LGAV,0.0,LIRF
355,KJFK,BIKF,0.0,LIRF
356,KJFK,EETN,0.0,LIRF
357,KJFK,LKPR,0.0,LIRF
358,KJFK,FACT,0.0,LIRF
359,KJFK,ESSA,0.0,LIRF
360,KJFK,EGPH,0.0,LIRF
361,KJFK,LFQQ,0.0,LIRF
362,KJFK,LPPT,0.0,LIRF
363,SBGL,LIRF,0.0,LIRF
364,SBGL,EDDT,0.0,LIRF
365,SBGL,RJAA,0.0,LIRF
366,SBGL,EDDM,0.0,LIRF
367,SBGL,LFPG,0.0,LIRF
368,SBGL,SAEZ,0.0,LIRF
369,SBGL,CYYZ,0.0,LIRF
370,SBGL,MMMX,0.0,LIRF
371,SBGL,CYVR,0.0,LIRF
372,SBGL,EDDF,0.0,LIRF
373,SBGL,KJFK,0.0,LIRF
374,SBGL,SBGL,-0.0,LIRF
375,SBGL,LEMD,0.0,LIRF
376,SBGL,ZSPD,0.0,LIRF
377,SBGL,OMDB,0.0,LIRF
378,SBGL,LTFM,0.0,LIRF
379,SBGL,ZBAA,0.0,LIRF
380,SBGL,VIDP,0.0,LIRF
381,SBGL,EFRO,0.0,LIRF
382,SBGL,EHEH,0.0,LIRF
383,SBGL,EFHK,0.0,LIRF
384,SBGL,LDZA,0.0,LIRF
385,SBGL,EBBR,0.0,LIRF
386,SBGL,EIDW,0.0,LIRF
387,SBGL,LGAV,0.0,LIRF
388,SBGL,BIKF,0.0,LIRF
389,SBGL,EETN,0.0,LIRF
390,SBGL,LKPR,0.0,LIRF
391,SBGL,FACT,0.0,LIRF
392,SBGL,ESSA,0.0,LIRF
393,SBGL,EGPH,0.0,LIRF
394,SBGL,LFQQ,0.0,LIRF
395,SBGL,LPPT,0.0,LIRF
396,LEMD,LIRF,0.0,LIRF
397,LEMD,EDDT,0.0,LIRF
398,LEMD,RJAA,0.0,LIRF
399,LEMD,EDDM,0.0,LIRF
400,LEMD,LFPG,0.0,LIRF
401,LEMD,SAEZ,0.0,LIRF
402,LEMD,CYYZ,0.0,LIRF
403,LEMD,MMMX,0.0,LIRF
404,LEMD,CYVR,0.0,LIRF
405,LEMD,EDDF,0.0,LIRF
406,LEMD,KJFK,0.0,LIRF
407,LEMD,SBGL,0.0,LIRF
408,LEMD,LEMD,-0.0,LIRF
409,LEMD,ZSPD,0.0,LIRF
410,LEMD,OMDB,0.0,LIRF
411,LEMD,LTFM,0.0,LIRF
412,LEMD,ZBAA,0.0,LIRF
413,LEMD,VIDP,0.0,LIRF
414,LEMD,EFRO,0.0,LIRF
415,LEMD,EHEH,0.0,LIRF
416,LEMD,EFHK,0.0,LIRF
417,LEMD,LDZA,0.0,LIRF
418,LEMD,EBBR,0.0,LIRF
419,LEMD,EIDW,0.0,LIRF
420,LEMD,LGAV,0.0,LIRF
421,LEMD,BIKF,0.0,LIRF
422,LEMD,EETN,0.0,LIRF
423,LEMD,LKPR,0.0,LIRF
424,LEMD,FACT,0.0,LIRF
425,LEMD,ESSA,0.0,LIRF
426,LEMD,EGPH,0.0,LIRF
427,LEMD,LFQQ,0.0,LIRF
428,LEMD,LPPT,0.0,LIRF
429,ZSPD,LIRF,0.0,LIRF
430,ZSPD,EDDT,0.0,LIRF
431,ZSPD,RJAA,0.0,LIRF
432,ZSPD,EDDM,0.0,LIRF
433,ZSPD,LFPG,0.0,LIRF
434,ZSPD,SAEZ,0.0,LIRF
435,ZSPD,CYYZ,0.0,LIRF
436,ZSPD,MMMX,0.0,LIRF
437,ZSPD,CYVR,0.0,LIRF
438,ZSPD,EDDF,0.0,LIRF
439,ZSPD,KJFK,0.0,LIRF
440,ZSPD,SBGL,0.0,LIRF
441,ZSPD,LEMD,0.0,LIRF
442,ZSPD,ZSPD,-0.0,LIRF
443,ZSPD,OMDB,0.0,LIRF
444,ZSPD,LTFM,0.0,LIRF
445,ZSPD,ZBAA,0.0,LIRF
446,ZSPD,VIDP,0.0,LIRF
447,ZSPD,EFRO,0.0,LIRF
448,ZSPD,EHEH,0.0,LIRF
449,ZSPD,EFHK,0.0,LIRF
450,ZSPD,LDZA,0.0,LIRF
451,ZSPD,EBBR,0.0,LIRF
452,ZSPD,EIDW,0.0,LIRF
453,ZSPD,LGAV,0.0,LIRF
454,ZSPD,BIKF,0.0,LIRF
455,ZSPD,EETN,0.0,LIRF
456,ZSPD,LKPR,0.0,LIRF
457,ZSPD,FACT,0.0,LIRF
458,ZSPD,ESSA,0.0,LIRF
459,ZSPD,EGPH,0.0,LIRF
460,ZSPD,LFQQ,0.0,LIRF
461,ZSPD,LPPT,0.0,LIRF
462,OMDB,LIRF,0.0,LIRF
463,OMDB,EDDT,0.0,LIRF
464,OMDB,RJAA,0.0,LIRF
465,OMDB,EDDM,0.0,LIRF
466,OMDB,LFPG,0.0,LIRF
467,OMDB,SAEZ,0.0,LIRF
468,OMDB,CYYZ,0.0,LIRF
469,OMDB,MMMX,0.0,LIRF
470,OMDB,CYVR,0.0,LIRF
471,OMDB,EDDF,0.0,LIRF
472,OMDB,KJFK,0.0,LIRF
473,OMDB,SBGL,0.0,LIRF
474,OMDB,LEMD,0.0,LIRF
475,OMDB,ZSPD,0.0,LIRF
476,OMDB,OMDB,-0.0,LIRF
477,OMDB,LTFM,0.0,LIRF
478,OMDB,ZBAA,0.0,LIRF
479,OMDB,VIDP,0.0,LIRF
480,OMDB,EFRO,0.0,LIRF
481,OMDB,EHEH,0.0,LIRF
482,OMDB,EFHK,0.0,LIRF
483,OMDB,LDZA,0.0,LIRF
484,OMDB,EBBR,0.0,LIRF
485,OMDB,EIDW,0.0,LIRF
486,OMDB,LGAV,0.0,LIRF
487,OMDB,BIKF,0.0,LIRF
488,OMDB,EETN,0.0,LIRF
489,OMDB,LKPR,0.0,LIRF
490,OMDB,FACT,0.0,LIRF
491,OMDB,ESSA,0.0,LIRF
492,OMDB,EGPH,0.0,LIRF
493,OMDB,LFQQ,0.0,LIRF
494,OMDB,LPPT,0.0,LIRF
495,LTFM,LIRF,0.0,LIRF
496,LTFM,EDDT,0.0,LIRF
497,LTFM,RJAA,0.0,LIRF
498,LTFM,EDDM,0.0,LIRF
499,LTFM,LFPG,0.0,LIRF
500,LTFM,SAEZ,0.0,LIRF
501,LTFM,CYYZ,0.0,LIRF
502,LTFM,MMMX,0.0,LIRF
503,LTFM,CYVR,0.0,LIRF
504,LTFM,EDDF,0.0,LIRF
505,LTFM,KJFK,0.0,LIRF
506,LTFM,SBGL,0.0,LIRF
507,LTFM,LEMD,0.0,LIRF
508,LTFM,ZSPD,0.0,LIRF
509,LTFM,OMDB,0.0,LIRF
510,LTFM,LTFM,-0.0,LIRF
511,LTFM,ZBAA,0.0,LIRF
512,LTFM,VIDP,0.0,LIRF
513,LTFM,EFRO,0.0,LIRF
514,LTFM,EHEH,0.0,LIRF
515,LTFM,EFHK,0.0,LIRF
516,LTFM,LDZA,0.0,LIRF
517,LTFM,EBBR,0.0,LIRF
518,LTFM,EIDW,0.0,LIRF
519,LTFM,LGAV,0.0,LIRF
520,LTFM,BIKF,0.0,LIRF
521,LTFM,EETN,0.0,LIRF
522,LTFM,LKPR,0.0,LIRF
523,LTFM,FACT,0.0,LIRF
524,LTFM,ESSA,0.0,LIRF
525,LTFM,EGPH,0.0,LIRF
526,LTFM,LFQQ,0.0,LIRF
527,LTFM,LPPT,0.0,LIRF
528,ZBAA,LIRF,0.0,LIRF
529,ZBAA,EDDT,0.0,LIRF
530,ZBAA,RJAA,0.0,LIRF
531,ZBAA,EDDM,0.0,LIRF
532,ZBAA,LFPG,0.0,LIRF
533,ZBAA,SAEZ,0.0,LIRF
534,ZBAA,CYYZ,0.0,LIRF
535,ZBAA,MMMX,0.0,LIRF
536,ZBAA,CYVR,0.0,LIRF
537,ZBAA,EDDF,0.0,LIRF
538,ZBAA,KJFK,0.0,LIRF
539,ZBAA,SBGL,0.0,LIRF
540,ZBAA,LEMD,0.0,LIRF
541,ZBAA,ZSPD,0.0,LIRF
542,ZBAA,OMDB,0.0,LIRF
543,ZBAA,LTFM,0.0,LIRF
544,ZBAA,ZBAA,-0.0,LIRF
545,ZBAA,VIDP,0.0,LIRF
546,ZBAA,EFRO,0.0,LIRF
547,ZBAA,EHEH,0.0,LIRF
548,ZBAA,EFHK,0.0,LIRF
549,ZBAA,LDZA,0.0,LIRF
550,ZBAA,EBBR,0.0,LIRF
551,ZBAA,EIDW,0.0,LIRF
552,ZBAA,LGAV,0.0,LIRF
553,ZBAA,BIKF,0.0,LIRF
554,ZBAA,EETN,0.0,LIRF
555,ZBAA,LKPR,0.0,LIRF
556,ZBAA,FACT,0.0,LIRF
557,ZBAA,ESSA,0.0,LIRF
558,ZBAA,EGPH,0.0,LIRF
559,ZBAA,LFQQ,0.0,LIRF
560,ZBAA,LPPT,0.0,LIRF
561,VIDP,LIRF,0.0,LIRF
562,VIDP,EDDT,0.0,LIRF
563,VIDP,RJAA,0.0,LIRF
564,VIDP,EDDM,0.0,LIRF
565,VIDP,LFPG,0.0,LIRF
566,VIDP,SAEZ,0.0,LIRF
567,VIDP,CYYZ,0.0,LIRF
568,VIDP,MMMX,0.0,LIRF
569,VIDP,CYVR,0.0,LIRF
570,VIDP,EDDF,0.0,LIRF
571,VIDP,KJFK,0.0,LIRF
572,VIDP,SBGL,0.0,LIRF
573,VIDP,LEMD,0.0,LIRF
574,VIDP,ZSPD,0.0,LIRF
575,VIDP,OMDB,0.0,LIRF
576,VIDP,LTFM,0.0,LIRF
577,VIDP,ZBAA,0.0,LIRF
578,VIDP,VIDP,-0.0,LIRF
579,VIDP,EFRO,0.0,LIRF
580,VIDP,EHEH,0.0,LIRF
581,VIDP,EFHK,0.0,LIRF
582,VIDP,LDZA,0.0,LIRF
583,VIDP,EBBR,0.0,LIRF
584,VIDP,EIDW,0.0,LIRF
585,VIDP,LGAV,0.0,LIRF
586,VIDP,BIKF,0.0,LIRF
587,VIDP,EETN,0.0,LIRF
588,VIDP,LKPR,0.0,LIRF
589,VIDP,FACT,0.0,LIRF
590,VIDP,ESSA,0.0,LIRF
591,VIDP,EGPH,0.0,LIRF
592,VIDP,LFQQ,0.0,LIRF
593,VIDP,LPPT,0.0,LIRF
594,EFRO,LIRF,0.0,LIRF
595,EFRO,EDDT,0.0,LIRF
596,EFRO,RJAA,0.0,LIRF
597,EFRO,EDDM,0.0,LIRF
598,EFRO,LFPG,0.0,LIRF
599,EFRO,SAEZ,0.0,LIRF
600,EFRO,CYYZ,0.0,LIRF
601,EFRO,MMMX,0.0,LIRF
602,EFRO,CYVR,0.0,LIRF
603,EFRO,EDDF,0.0,LIRF
604,EFRO,KJFK,0.0,LIRF
605,EFRO,SBGL,0.0,LIRF
606,EFRO,LEMD,0.0,LIRF
607,EFRO,ZSPD,0.0,LIRF
608,EFRO,OMDB,0.0,LIRF
609,EFRO,LTFM,0.0,LIRF
610,EFRO,ZBAA,0.0,LIRF
611,EFRO,VIDP,0.0,LIRF
612,EFRO,EFRO,-0.0,LIRF
613,EFRO,EHEH,0.0,LIRF
614,EFRO,EFHK,0.0,LIRF
615,EFRO,LDZA,0.0,LIRF
616,EFRO,EBBR,0.0,LIRF
617,EFRO,EIDW,0.0,LIRF
618,EFRO,LGAV,0.0,LIRF
619,EFRO,BIKF,0.0,LIRF
620,EFRO,EETN,0.0,LIRF
621,EFRO,LKPR,0.0,LIRF
622,EFRO,FACT,0.0,LIRF
623,EFRO,ESSA,0.0,LIRF
624,EFRO,EGPH,0.0,LIRF
625,EFRO,LFQQ,0.0,LIRF
626,EFRO,LPPT,0.0,LIRF
627,EHEH,LIRF,0.0,LIRF
628,EHEH,EDDT,0.0,LIRF
629,EHEH,RJAA,0.0,LIRF
630,EHEH,EDDM,0.0,LIRF
631,EHEH,LFPG,0.0,LIRF
632,EHEH,SAEZ,0.0,LIRF
633,EHEH,CYYZ,0.0,LIRF
634,EHEH,MMMX,0.0,LIRF
635,EHEH,CYVR,0.0,LIRF
636,EHEH,EDDF,0.0,LIRF
637,EHEH,KJFK,0.0,LIRF
638,EHEH,SBGL,0.0,LIRF
639,EHEH,LEMD,0.0,LIRF
640,EHEH,ZSPD,0.0,LIRF
641,EHEH,OMDB,0.0,LIRF
642,EHEH,LTFM,0.0,LIRF
643,EHEH,ZBAA,0.0,LIRF
644,EHEH,VIDP,0.0,LIRF
645,EHEH,EFRO,0.0,LIRF
646,EHEH,EHEH,-0.0,LIRF
647,EHEH,EFHK,0.0,LIRF
648,EHEH,LDZA,0.0,LIRF
649,EHEH,EBBR,0.0,LIRF
650,EHEH,EIDW,0.0,LIRF
651,EHEH,LGAV,0.0,LIRF
652,EHEH,BIKF,0.0,LIRF
653,EHEH,EETN,0.0,LIRF
654,EHEH,LKPR,0.0,LIRF
655,EHEH,FACT,0.0,LIRF
656,EHEH,ESSA,0.0,LIRF
657,EHEH,EGPH,0.0,LIRF
658,EHEH,LFQQ,0.0,LIRF
659,EHEH,LPPT,0.0,LIRF
660,EFHK,LIRF,0.0,LIRF
661,EFHK,EDDT,0.0,LIRF
662,EFHK,RJAA,0.0,LIRF
663,EFHK,EDDM,0.0,LIRF
664,EFHK,LFPG,0.0,LIRF
665,EFHK,SAEZ,0.0,LIRF
666,EFHK,CYYZ,0.0,LIRF
667,EFHK,MMMX,0.0,LIRF
668,EFHK,CYVR,0.0,LIRF
669,EFHK,EDDF,0.0,LIRF
670,EFHK,KJFK,0.0,LIRF
671,EFHK,SBGL,0.0,LIRF
672,EFHK,LEMD,0.0,LIRF
673,EFHK,ZSPD,0.0,LIRF
674,EFHK,OMDB,0.0,LIRF
675,EFHK,LTFM,0.0,LIRF
676,EFHK,ZBAA,0.0,LIRF
677,EFHK,VIDP,0.0,LIRF
678,EFHK,EFRO,0.0,LIRF
679,EFHK,EHEH,0.0,LIRF
680,EFHK,EFHK,-0.0,LIRF
681,EFHK,LDZA,0.0,LIRF
682,EFHK,EBBR,0.0,LIRF
683,EFHK,EIDW,0.0,LIRF
684,EFHK,LGAV,0.0,LIRF
685,EFHK,BIKF,0.0,LIRF
686,EFHK,EETN,0.0,LIRF
687,EFHK,LKPR,0.0,LIRF
688,EFHK,FACT,0.0,LIRF
689,EFHK,ESSA,0.0,LIRF
690,EFHK,EGPH,0.0,LIRF
691,EFHK,LFQQ,0.0,LIRF
692,EFHK,LPPT,0.0,LIRF
693,LDZA,LIRF,0.0,LIRF
694,LDZA,EDDT,0.0,LIRF
695,LDZA,RJAA,0.0,LIRF
696,LDZA,EDDM,0.0,LIRF
697,LDZA,LFPG,0.0,LIRF
698,LDZA,SAEZ,0.0,LIRF
699,LDZA,CYYZ,0.0,LIRF
700,LDZA,MMMX,0.0,LIRF
701,LDZA,CYVR,0.0,LIRF
702,LDZA,EDDF,0.0,LIRF
703,LDZA,KJFK,0.0,LIRF
704,LDZA,SBGL,0.0,LIRF
705,LDZA,LEMD,0.0,LIRF
706,LDZA,ZSPD,0.0,LIRF
707,LDZA,OMDB,0.0,LIRF
708,LDZA,LTFM,0.0,LIRF
709,LDZA,ZBAA,0.0,LIRF
710,LDZA,VIDP,0.0,LIRF
711,LDZA,EFRO,0.0,LIRF
712,LDZA,EHEH,0.0,LIRF
713,LDZA,EFHK,0.0,LIRF
714,LDZA,LDZA,-0.0,LIRF
715,LDZA,EBBR,0.0,LIRF
716,LDZA,EIDW,0.0,LIRF
717,LDZA,LGAV,0.0,LIRF
718,LDZA,BIKF,0.0,LIRF
719,LDZA,EETN,0.0,LIRF
720,LDZA,LKPR,0.0,LIRF
721,LDZA,FACT,0.0,LIRF
722,LDZA,ESSA,0.0,LIRF
723,LDZA,EGPH,0.0,LIRF
724,LDZA,LFQQ,0.0,LIRF
725,LDZA,LPPT,0.0,LIRF
726,EBBR,LIRF,0.0,LIRF
727,EBBR,EDDT,0.0,LIRF
728,EBBR,RJAA,0.0,LIRF
729,EBBR,EDDM,0.0,LIRF
730,EBBR,LFPG,0.0,LIRF
731,EBBR,SAEZ,0.0,LIRF
732,EBBR,CYYZ,0.0,LIRF
733,EBBR,MMMX,0.0,LIRF
734,EBBR,CYVR,0.0,LIRF
735,EBBR,EDDF,0.0,LIRF
736,EBBR,KJFK,0.0,LIRF
737,EBBR,SBGL,0.0,LIRF
738,EBBR,LEMD,0.0,LIRF
739,EBBR,ZSPD,0.0,LIRF
740,EBBR,OMDB,0.0,LIRF
741,EBBR,LTFM,0.0,LIRF
742,EBBR,ZBAA,0.0,LIRF
743,EBBR,VIDP,0.0,LIRF
744,EBBR,EFRO,0.0,LIRF
745,EBBR,EHEH,0.0,LIRF
746,EBBR,EFHK,0.0,LIRF
747,EBBR,LDZA,0.0,LIRF
748,EBBR,EBBR,-0.0,LIRF
749,EBBR,EIDW,0.0,LIRF
750,EBBR,LGAV,0.0,LIRF
751,EBBR,BIKF,0.0,LIRF
752,EBBR,EETN,0.0,LIRF
753,EBBR,LKPR,0.0,LIRF
754,EBBR,FACT,0.0,LIRF
755,EBBR,ESSA,0.0,LIRF
756,EBBR,EGPH,0.0,LIRF
757,EBBR,LFQQ,0.0,LIRF
758,EBBR,LPPT,0.0,LIRF
759,EIDW,LIRF,0.0,LIRF
760,EIDW,EDDT,0.0,LIRF
761,EIDW,RJAA,0.0,LIRF
762,EIDW,EDDM,0.0,LIRF
763,EIDW,LFPG,0.0,LIRF
764,EIDW,SAEZ,0.0,LIRF
765,EIDW,CYYZ,0.0,LIRF
766,EIDW,MMMX,0.0,LIRF
767,EIDW,CYVR,0.0,LIRF
768,EIDW,EDDF,0.0,LIRF
769,EIDW,KJFK,0.0,LIRF
770,EIDW,SBGL,0.0,LIRF
771,EIDW,LEMD,0.0,LIRF
772,EIDW,ZSPD,0.0,LIRF
773,EIDW,OMDB,0.0,LIRF
774,EIDW,LTFM,0.0,LIRF
775,EIDW,ZBAA,0.0,LIRF
776,EIDW,VIDP,0.0,LIRF
777,EIDW,EFRO,0.0,LIRF
778,EIDW,EHEH,0.0,LIRF
779,EIDW,EFHK,0.0,LIRF
780,EIDW,LDZA,0.0,LIRF
781,EIDW,EBBR,0.0,LIRF
782,EIDW,EIDW,-0.0,LIRF
783,EIDW,LGAV,0.0,LIRF
784,EIDW,BIKF,0.0,LIRF
785,EIDW,EETN,0.0,LIRF
786,EIDW,LKPR,0.0,LIRF
787,EIDW,FACT,0.0,LIRF
788,EIDW,ESSA,0.0,LIRF
789,EIDW,EGPH,0.0,LIRF
790,EIDW,LFQQ,0.0,LIRF
791,EIDW,LPPT,0.0,LIRF
792,LGAV,LIRF,0.0,LIRF
793,LGAV,EDDT,0.0,LIRF
794,LGAV,RJAA,0.0,LIRF
795,LGAV,EDDM,0.0,LIRF
796,LGAV,LFPG,0.0,LIRF
797,LGAV,SAEZ,0.0,LIRF
798,LGAV,CYYZ,0.0,LIRF
799,LGAV,MMMX,0.0,LIRF
800,LGAV,CYVR,0.0,LIRF
801,LGAV,EDDF,0.0,LIRF
802,LGAV,KJFK,0.0,LIRF
803,LGAV,SBGL,0.0,LIRF
804,LGAV,LEMD,0.0,LIRF
805,LGAV,ZSPD,0.0,LIRF
806,LGAV,OMDB,0.0,LIRF
807,LGAV,LTFM,0.0,LIRF
808,LGAV,ZBAA,0.0,LIRF
809,LGAV,VIDP,0.0,LIRF
810,LGAV,EFRO,0.0,LIRF
811,LGAV,EHEH,0.0,LIRF
812,LGAV,EFHK,0.0,LIRF
813,LGAV,LDZA,0.0,LIRF
814,LGAV,EBBR,0.0,LIRF
815,LGAV,EIDW,0.0,LIRF
816,LGAV,LGAV,-0.0,LIRF
817,LGAV,BIKF,0.0,LIRF
818,LGAV,EETN,0.0,LIRF
819,LGAV,LKPR,0.0,LIRF
820,LGAV,FACT,0.0,LIRF
821,LGAV,ESSA,0.0,LIRF
822,LGAV,EGPH,0.0,LIRF
823,LGAV,LFQQ,0.0,LIRF
824,LGAV,LPPT,0.0,LIRF
825,BIKF,LIRF,0.0,LIRF
826,BIKF,EDDT,0.0,LIRF
827,BIKF,RJAA,0.0,LIRF
828,BIKF,EDDM,0.0,LIRF
829,BIKF,LFPG,0.0,LIRF
830,BIKF,SAEZ,0.0,LIRF
831,BIKF,CYYZ,0.0,LIRF
832,BIKF,MMMX,0.0,LIRF
833,BIKF,CYVR,0.0,LIRF
834,BIKF,EDDF,0.0,LIRF
835,BIKF,KJFK,0.0,LIRF
836,BIKF,SBGL,0.0,LIRF
837,BIKF,LEMD,0.0,LIRF
838,BIKF,ZSPD,0.0,LIRF
839,BIKF,OMDB,0.0,LIRF
840,BIKF,LTFM,0.0,LIRF
841,BIKF,ZBAA,0.0,LIRF
842,BIKF,VIDP,0.0,LIRF
843,BIKF,EFRO,0.0,LIRF
844,BIKF,EHEH,0.0,LIRF
845,BIKF,EFHK,0.0,LIRF
846,BIKF,LDZA,0.0,LIRF
847,BIKF,EBBR,0.0,LIRF
848,BIKF,EIDW,0.0,LIRF
849,BIKF,LGAV,0.0,LIRF
850,BIKF,BIKF,-0.0,LIRF
851,BIKF,EETN,0.0,LIRF
852,BIKF,LKPR,0.0,LIRF
853,BIKF,FACT,0.0,LIRF
854,BIKF,ESSA,0.0,LIRF
855,BIKF,EGPH,0.0,LIRF
856,BIKF,LFQQ,0.0,LIRF
857,BIKF,LPPT,0.0,LIRF
858,EETN,LIRF,0.0,LIRF
859,EETN,EDDT,0.0,LIRF
860,EETN,RJAA,0.0,LIRF
861,EETN,EDDM,0.0,LIRF
862,EETN,LFPG,0.0,LIRF
863,EETN,SAEZ,0.0,LIRF
864,EETN,CYYZ,0.0,LIRF
865,EETN,MMMX,0.0,LIRF
866,EETN,CYVR,0.0,LIRF
867,EETN,EDDF,0.0,LIRF
868,EETN,KJFK,0.0,LIRF
869,EETN,SBGL,0.0,LIRF
870,EETN,LEMD,0.0,LIRF
871,EETN,ZSPD,0.0,LIRF
872,EETN,OMDB,0.0,LIRF
873,EETN,LTFM,0.0,LIRF
874,EETN,ZBAA,0.0,LIRF
875,EETN,VIDP,0.0,LIRF
876,EETN,EFRO,0.0,LIRF
877,EETN,EHEH,0.0,LIRF
878,EETN,EFHK,0.0,LIRF
879,EETN,LDZA,0.0,LIRF
880,EETN,EBBR,0.0,LIRF
881,EETN,EIDW,0.0,LIRF
882,EETN,LGAV,0.0,LIRF
883,EETN,BIKF,0.0,LIRF
884,EETN,EETN,-0.0,LIRF
885,EETN,LKPR,0.0,LIRF
886,EETN,FACT,0.0,LIRF
887,EETN,ESSA,0.0,LIRF
888,EETN,EGPH,0.0,LIRF
889,EETN,LFQQ,0.0,LIRF
890,EETN,LPPT,0.0,LIRF
891,LKPR,LIRF,0.0,LIRF
892,LKPR,EDDT,0.0,LIRF
893,LKPR,RJAA,0.0,LIRF
894,LKPR,EDDM,0.0,LIRF
895,LKPR,LFPG,0.0,LIRF
896,LKPR,SAEZ,0.0,LIRF
897,LKPR,CYYZ,0.0,LIRF
898,LKPR,MMMX,0.0,LIRF
899,LKPR,CYVR,0.0,LIRF
900,LKPR,EDDF,0.0,LIRF
901,LKPR,KJFK,0.0,LIRF
902,LKPR,SBGL,0.0,LIRF
903,LKPR,LEMD,0.0,LIRF
904,LKPR,ZSPD,0.0,LIRF
905,LKPR,OMDB,0.0,LIRF
906,LKPR,LTFM,0.0,LIRF
907,LKPR,ZBAA,0.0,LIRF
908,LKPR,VIDP,0.0,LIRF
909,LKPR,EFRO,0.0,LIRF
910,LKPR,EHEH,0.0,LIRF
911,LKPR,EFHK,0.0,LIRF
912,LKPR,LDZA,0.0,LIRF
913,LKPR,EBBR,0.0,LIRF
914,LKPR,EIDW,0.0,LIRF
915,LKPR,LGAV,0.0,LIRF
916,LKPR,BIKF,0.0,LIRF
917,LKPR,EETN,0.0,LIRF
918,LKPR,LKPR,-0.0,LIRF
919,LKPR,FACT,0.0,LIRF
920,LKPR,ESSA,0.0,LIRF
921,LKPR,EGPH,0.0,LIRF
922,LKPR,LFQQ,0.0,LIRF
923,LKPR,LPPT,0.0,LIRF
924,FACT,LIRF,0.0,LIRF
925,FACT,EDDT,0.0,LIRF
926,FACT,RJAA,0.0,LIRF
927,FACT,EDDM,0.0,LIRF
928,FACT,LFPG,0.0,LIRF
929,FACT,SAEZ,0.0,LIRF
930,FACT,CYYZ,0.0,LIRF
931,FACT,MMMX,0.0,LIRF
932,FACT,CYVR,0.0,LIRF
933,FACT,EDDF,0.0,LIRF
934,FACT,KJFK,0.0,LIRF
935,FACT,SBGL,0.0,LIRF
936,FACT,LEMD,0.0,LIRF
937,FACT,ZSPD,0.0,LIRF
938,FACT,OMDB,0.0,LIRF
939,FACT,LTFM,0.0,LIRF
940,FACT,ZBAA,0.0,LIRF
941,FACT,VIDP,0.0,LIRF
942,FACT,EFRO,0.0,LIRF
943,FACT,EHEH,0.0,LIRF
944,FACT,EFHK,0.0,LIRF
945,FACT,LDZA,0.0,LIRF
946,FACT,EBBR,0.0,LIRF
947,FACT,EIDW,0.0,LIRF
948,FACT,LGAV,0.0,LIRF
949,FACT,BIKF,0.0,LIRF
950,FACT,EETN,0.0,LIRF
951,FACT,LKPR,0.0,LIRF
952,FACT,FACT,-0.0,LIRF
953,FACT,ESSA,0.0,LIRF
954,FACT,EGPH,0.0,LIRF
955,FACT,LFQQ,0.0,LIRF
956,FACT,LPPT,0.0,LIRF
957,ESSA,LIRF,0.0,LIRF
958,ESSA,EDDT,0.0,LIRF
959,ESSA,RJAA,0.0,LIRF
960,ESSA,EDDM,0.0,LIRF
961,ESSA,LFPG,0.0,LIRF
962,ESSA,SAEZ,0.0,LIRF
963,ESSA,CYYZ,0.0,LIRF
964,ESSA,MMMX,0.0,LIRF
965,ESSA,CYVR,0.0,LIRF
966,ESSA,EDDF,0.0,LIRF
967,ESSA,KJFK,0.0,LIRF
968,ESSA,SBGL,0.0,LIRF
969,ESSA,LEMD,0.0,LIRF
970,ESSA,ZSPD,0.0,LIRF
971,ESSA,OMDB,0.0,LIRF
972,ESSA,LTFM,0.0,LIRF
973,ESSA,ZBAA,0.0,LIRF
974,ESSA,VIDP,0.0,LIRF
975,ESSA,EFRO,0.0,LIRF
976,ESSA,EHEH,0.0,LIRF
977,ESSA,EFHK,0.0,LIRF
978,ESSA,LDZA,0.0,LIRF
979,ESSA,EBBR,0.0,LIRF
980,ESSA,EIDW,0.0,LIRF
981,ESSA,LGAV,0.0,LIRF
982,ESSA,BIKF,0.0,LIRF
983,ESSA,EETN,0.0,LIRF
984,ESSA,LKPR,0.0,LIRF
985,ESSA,FACT,0.0,LIRF
986,ESSA,ESSA,-0.0,LIRF
987,ESSA,EGPH,0.0,LIRF
988,ESSA,LFQQ,0.0,LIRF
989,ESSA,LPPT,0.0,LIRF
990,EGPH,LIRF,0.0,LIRF
991,EGPH,EDDT,0.0,LIRF
992,EGPH,RJAA,0.0,LIRF
993,EGPH,EDDM,0.0,LIRF
994,EGPH,LFPG,0.0,LIRF
995,EGPH,SAEZ,0.0,LIRF
996,EGPH,CYYZ,0.0,LIRF
997,EGPH,MMMX,0.0,LIRF
998,EGPH,CYVR,0.0,LIRF
999,EGPH,EDDF,0.0,LIRF
1000,EGPH,KJFK,0.0,LIRF
1001,EGPH,SBGL,0.0,LIRF
1002,EGPH,LEMD,0.0,LIRF
1003,EGPH,ZSPD,0.0,LIRF
1004,EGPH,OMDB,0.0,LIRF
1005,EGPH,LTFM,0.0,LIRF
1006,EGPH,ZBAA,0.0,LIRF
1007,EGPH,VIDP,0.0,LIRF
1008,EGPH,EFRO,0.0,LIRF
1009,EGPH,EHEH,0.0,LIRF
1010,EGPH,EFHK,0.0,LIRF
1011,EGPH,LDZA,0.0,LIRF
1012,EGPH,EBBR,0.0,LIRF
1013,EGPH,EIDW,0.0,LIRF
1014,EGPH,LGAV,0.0,LIRF
1015,EGPH,BIKF,0.0,LIRF
1016,EGPH,EETN,0.0,LIRF
1017,EGPH,LKPR,0.0,LIRF
1018,EGPH,FACT,0.0,LIRF
1019,EGPH,ESSA,0.0,LIRF
1020,EGPH,EGPH,-0.0,LIRF
1021,EGPH,LFQQ,0.0,LIRF
1022,EGPH,LPPT,0.0,LIRF
1023,LFQQ,LIRF,0.0,LIRF
1024,LFQQ,EDDT,0.0,LIRF
1025,LFQQ,RJAA,0.0,LIRF
1026,LFQQ,EDDM,0.0,LIRF
1027,LFQQ,LFPG,0.0,LIRF
1028,LFQQ,SAEZ,0.0,LIRF
1029,LFQQ,CYYZ,0.0,LIRF
1030,LFQQ,MMMX,0.0,LIRF
1031,LFQQ,CYVR,0.0,LIRF
1032,LFQQ,EDDF,0.0,LIRF
1033,LFQQ,KJFK,0.0,LIRF
1034,LFQQ,SBGL,0.0,LIRF
1035,LFQQ,LEMD,0.0,LIRF
1036,LFQQ,ZSPD,0.0,LIRF
1037,LFQQ,OMDB,0.0,LIRF
1038,LFQQ,LTFM,0.0,LIRF
1039,LFQQ,ZBAA,0.0,LIRF
1040,LFQQ,VIDP,0.0,LIRF
1041,LFQQ,EFRO,0.0,LIRF
1042,LFQQ,EHEH,0.0,LIRF
1043,LFQQ,EFHK,0.0,LIRF
1044,LFQQ,LDZA,0.0,LIRF
1045,LFQQ,EBBR,0.0,LIRF
1046,LFQQ,EIDW,0.0,LIRF
1047,LFQQ,LGAV,0.0,LIRF
1048,LFQQ,BIKF,0.0,LIRF
1049,LFQQ,EETN,0.0,LIRF
1050,LFQQ,LKPR,0.0,LIRF
1051,LFQQ,FACT,0.0,LIRF
1052,LFQQ,ESSA,0.0,LIRF
1053,LFQQ,EGPH,0.0,LIRF
1054,LFQQ,LFQQ,-0.0,LIRF
1055,LFQQ,LPPT,0.0,LIRF
1056,LPPT,LIRF,0.0,LIRF
1057,LPPT,EDDT,0.0,LIRF
1058,LPPT,RJAA,0.0,LIRF
1059,LPPT,EDDM,0.0,LIRF
1060,LPPT,LFPG,0.0,LIRF
1061,LPPT,SAEZ,0.0,LIRF
1062,LPPT,CYYZ,0.0,LIRF
1063,LPPT,MMMX,0.0,LIRF
1064,LPPT,CYVR,0.0,LIRF
1065,LPPT,EDDF,0.0,LIRF
1066,LPPT,KJFK,0.0,LIRF
1067,LPPT,SBGL,0.0,LIRF
1068,LPPT,LEMD,0.0,LIRF
1069,LPPT,ZSPD,0.0,LIRF
1070,LPPT,OMDB,0.0,LIRF
1071,LPPT,LTFM,0.0,LIRF
1072,LPPT,ZBAA,0.0,LIRF
1073,LPPT,VIDP,0.0,LIRF
1074,LPPT,EFRO,0.0,LIRF
1075,LPPT,EHEH,0.0,LIRF
1076,LPPT,EFHK,0.0,LIRF
1077,LPPT,LDZA,0.0,LIRF
1078,LPPT,EBBR,0.0,LIRF
1079,LPPT,EIDW,0.0,LIRF
1080,LPPT,LGAV,0.0,LIRF
1081,LPPT,BIKF,0.0,LIRF
1082,LPPT,EETN,0.0,LIRF
1083,LPPT,LKPR,0.0,LIRF
1084,LPPT,FACT,0.0,LIRF
1085,LPPT,ESSA,0.0,LIRF
1086,LPPT,EGPH,0.0,LIRF
1087,LPPT,LFQQ,0.0,LIRF
1088,LPPT,LPPT,-0.0,LIRF
